Wikisurvey ID,Idea ID,Idea Text,Wins,Losses,Times involved in Cant Decide,Score,User Submitted,Session ID,Created at,Last Activity,Active,Appearances on Left,Appearances on Right,Info
4271,293157,"Princeton University, USA",57,4,1,92.0635,FALSE,2682842,2013-11-15 02:08:42 UTC,2017-04-11 11:30:41 UTC,TRUE,45,39,NA
4271,293155,"Harvard University, USA",78,7,1,90.8046,FALSE,2682842,2013-11-15 02:08:42 UTC,2017-07-24 10:00:52 UTC,TRUE,37,62,NA
4271,293154,"Stanford University, USA",54,5,1,90.1639,FALSE,2682842,2013-11-15 02:08:42 UTC,2017-04-11 03:31:39 UTC,TRUE,32,39,NA
4271,293160,"University of California, Berkeley, USA",72,7,1,90.1235,FALSE,2682842,2013-11-15 02:08:42 UTC,2017-11-10 03:48:25 UTC,TRUE,48,46,NA
4271,293156,"Massachusetts Institute of Technology, USA",59,7,2,88.2353,FALSE,2682842,2013-11-15 02:08:42 UTC,2017-05-18 13:42:53 UTC,TRUE,45,43,NA
4271,293164,"University of California, Los Angeles, USA",66,8,4,88.1579,FALSE,2682842,2013-11-15 02:08:42 UTC,2017-11-10 03:47:35 UTC,TRUE,45,47,NA
4271,293169,"Cornell University, USA",76,10,3,87.5,FALSE,2682842,2013-11-15 02:08:42 UTC,2017-05-14 20:53:26 UTC,TRUE,48,57,NA
4271,293162,"Yale University, USA",59,8,1,86.9565,FALSE,2682842,2013-11-15 02:08:42 UTC,2017-11-10 03:48:39 UTC,TRUE,43,40,NA
4271,293152,"California Institute of Technology, USA",58,10,8,84.2857,FALSE,2682842,2013-11-15 02:08:42 UTC,2017-04-11 11:30:44 UTC,TRUE,47,44,NA
4271,293153,"University of Oxford, UK",66,12,5,83.75,FALSE,2682842,2013-11-15 02:08:42 UTC,2017-05-06 08:34:59 UTC,TRUE,63,46,NA
4271,293158,"University of Cambridge, UK",55,10,3,83.5821,FALSE,2682842,2013-11-15 02:08:42 UTC,2017-04-14 06:53:24 UTC,TRUE,44,41,NA
4271,293197,"Peking University, China",68,13,7,83.1325,FALSE,2682842,2013-11-15 02:08:43 UTC,2017-11-10 03:47:26 UTC,TRUE,53,50,NA
4271,293207,"University of Southern California, USA",48,9,5,83.0508,FALSE,2682842,2013-11-15 02:08:43 UTC,2017-05-04 15:05:16 UTC,TRUE,40,37,NA
4271,293165,"Columbia University, USA",71,15,2,81.8182,FALSE,2682842,2013-11-15 02:08:42 UTC,2017-04-14 06:51:43 UTC,TRUE,51,56,NA
4271,293181,"University of British Columbia, Canada",54,12,8,80.8824,FALSE,2682842,2013-11-15 02:08:42 UTC,2017-11-20 07:12:40 UTC,TRUE,46,42,NA
4271,293182,"University of Wisconsin-Madison, USA",53,12,10,80.597,FALSE,2682842,2013-11-15 02:08:42 UTC,2017-04-28 07:23:04 UTC,TRUE,53,50,NA
4271,293166,"University of Pennsylvania, USA",55,14,1,78.8732,FALSE,2682842,2013-11-15 02:08:42 UTC,2017-04-11 11:31:34 UTC,TRUE,46,32,NA
4271,293161,"University of Chicago, USA",47,12,3,78.6885,FALSE,2682842,2013-11-15 02:08:42 UTC,2017-05-06 08:33:32 UTC,TRUE,38,38,NA
4271,293192,"New York University, USA",61,16,6,78.481,FALSE,2682842,2013-11-15 02:08:43 UTC,2017-04-11 05:36:14 UTC,TRUE,43,60,NA
4271,293170,"Northwestern University, USA",60,16,2,78.2051,FALSE,2682842,2013-11-15 02:08:42 UTC,2017-04-14 06:55:06 UTC,TRUE,52,36,NA
4271,293189,"University of California, San Diego, USA",59,16,6,77.9221,FALSE,2682842,2013-11-15 02:08:43 UTC,2017-11-26 07:13:31 UTC,TRUE,53,44,NA
4271,293173,"Carnegie Mellon University, USA",51,14,4,77.6119,FALSE,2682842,2013-11-15 02:08:42 UTC,2017-04-27 10:56:21 UTC,TRUE,50,45,NA
4271,293171,"University of Michigan, USA",67,19,7,77.2727,FALSE,2682842,2013-11-15 02:08:42 UTC,2017-04-14 06:53:22 UTC,TRUE,64,44,NA
4271,293167,"Johns Hopkins University, USA",63,18,3,77.1084,FALSE,2682842,2013-11-15 02:08:42 UTC,2017-11-20 07:12:53 UTC,TRUE,54,45,NA
4271,293202,"Brown University, USA",59,17,4,76.9231,FALSE,2682842,2013-11-15 02:08:43 UTC,2017-11-24 12:14:04 UTC,TRUE,42,53,NA
4271,293163,"ETH Zürich – Swiss Federal Institute of Technology Zürich, Switzerland",64,19,7,76.4706,FALSE,2682842,2013-11-15 02:08:42 UTC,2017-11-10 03:47:54 UTC,TRUE,49,59,NA
4271,293175,"University of Washington, USA",62,19,4,75.9036,FALSE,2682842,2013-11-15 02:08:42 UTC,2017-05-10 11:49:05 UTC,TRUE,57,42,NA
4271,293177,"Georgia Institute of Technology, USA",57,18,6,75.3247,FALSE,2682842,2013-11-15 02:08:42 UTC,2017-11-26 07:13:41 UTC,TRUE,49,52,NA
4271,293159,"Imperial College London, UK",62,21,7,74.1176,FALSE,2682842,2013-11-15 02:08:42 UTC,2017-05-14 20:52:48 UTC,TRUE,43,62,NA
4271,293186,"The University of Hong Kong, Hong Kong",60,21,1,73.494,FALSE,2682842,2013-11-15 02:08:42 UTC,2017-05-06 09:42:52 UTC,TRUE,51,44,NA
4271,293203,"Tsinghua University, China",49,18,3,72.4638,FALSE,2682842,2013-11-15 02:08:43 UTC,2017-11-10 03:49:02 UTC,TRUE,48,35,NA
4271,293174,"Duke University, USA",62,23,5,72.4138,FALSE,2682842,2013-11-15 02:08:42 UTC,2017-05-04 15:04:53 UTC,TRUE,55,52,NA
4271,293172,"University of Toronto, Canada",46,17,3,72.3077,FALSE,2682842,2013-11-15 02:08:42 UTC,2017-04-13 13:57:01 UTC,TRUE,40,38,NA
4271,293187,"University of California, Santa Barbara, USA",43,16,8,72.1311,FALSE,2682842,2013-11-15 02:08:43 UTC,2017-05-06 08:33:59 UTC,TRUE,46,37,NA
4271,293220,"Purdue University, USA",52,21,8,70.6667,FALSE,2682842,2013-11-15 02:08:43 UTC,2017-04-14 06:53:04 UTC,TRUE,45,48,NA
4271,293273,"University of California, Santa Cruz, USA",54,22,11,70.5128,FALSE,2682842,2013-11-15 02:08:43 UTC,2017-04-14 06:54:44 UTC,TRUE,48,55,NA
4271,293301,"Boston College, USA",56,23,12,70.3704,FALSE,2682842,2013-11-15 02:08:43 UTC,2017-05-14 20:53:09 UTC,TRUE,47,59,NA
4271,293176,"University of Texas at Austin, USA",55,23,6,70.0,FALSE,2682842,2013-11-15 02:08:42 UTC,2017-05-06 08:32:45 UTC,TRUE,57,39,NA
4271,293247,"University of California, Irvine, USA",46,20,5,69.1176,FALSE,2682842,2013-11-15 02:08:43 UTC,2017-04-11 03:03:25 UTC,TRUE,42,47,NA
4271,293178,"University of Tokyo, Japan",46,20,6,69.1176,FALSE,2682842,2013-11-15 02:08:42 UTC,2017-11-10 03:47:54 UTC,TRUE,41,40,NA
4271,293196,"University of California, Davis, USA",54,25,9,67.9012,FALSE,2682842,2013-11-15 02:08:43 UTC,2017-11-10 03:47:47 UTC,TRUE,53,52,NA
4271,293193,"University of North Carolina at Chapel Hill, USA",47,22,7,67.6056,FALSE,2682842,2013-11-15 02:08:43 UTC,2017-11-26 07:14:25 UTC,TRUE,37,53,NA
4271,293190,"London School of Economics and Political Science, UK",42,20,9,67.1875,FALSE,2682842,2013-11-15 02:08:43 UTC,2017-11-26 07:13:23 UTC,TRUE,39,55,NA
4271,293217,"Hong Kong University of Science and Technology, Hong Kong",45,22,2,66.6667,FALSE,2682842,2013-11-15 02:08:43 UTC,2017-05-04 09:12:58 UTC,TRUE,33,48,NA
4271,293248,"University of Maryland, College Park, USA",52,26,10,66.25,FALSE,2682842,2013-11-15 02:08:43 UTC,2017-05-04 09:13:47 UTC,TRUE,57,52,NA
4271,293226,"Rice University, USA",42,21,8,66.1538,FALSE,2682842,2013-11-15 02:08:43 UTC,2017-05-06 09:43:02 UTC,TRUE,39,50,NA
4271,293184,"University of Illinois at Urbana Champaign, USA",49,25,9,65.7895,FALSE,2682842,2013-11-15 02:08:42 UTC,2017-11-10 03:48:25 UTC,TRUE,47,55,NA
4271,293313,"Stony Brook University, USA",35,18,12,65.4545,FALSE,2682842,2013-11-15 02:08:43 UTC,2017-11-20 07:12:46 UTC,TRUE,45,32,NA
4271,293185,"McGill University, Canada",38,20,9,65.0,FALSE,2682842,2013-11-15 02:08:42 UTC,2017-04-24 10:39:02 UTC,TRUE,49,35,NA
4271,293253,"University of Rochester, USA",43,23,7,64.7059,FALSE,2682842,2013-11-15 02:08:43 UTC,2017-04-14 06:54:14 UTC,TRUE,46,44,NA
4271,293212,"Pennsylvania State University, USA",54,29,7,64.7059,FALSE,2682842,2013-11-15 02:08:43 UTC,2017-05-04 09:13:43 UTC,TRUE,56,51,NA
4271,293206,"Kyoto University, Japan",43,23,12,64.7059,FALSE,2682842,2013-11-15 02:08:43 UTC,2017-11-10 03:47:05 UTC,TRUE,50,43,NA
4271,293205,"Boston University, USA",46,25,5,64.3836,FALSE,2682842,2013-11-15 02:08:43 UTC,2017-11-10 03:48:11 UTC,TRUE,46,42,NA
4271,293227,"University of Pittsburgh, USA",47,26,15,64.0,FALSE,2682842,2013-11-15 02:08:43 UTC,2017-05-14 20:53:55 UTC,TRUE,50,47,NA
4271,293213,"University of Sydney, Australia",45,25,6,63.8889,FALSE,2682842,2013-11-15 02:08:43 UTC,2017-05-04 15:05:51 UTC,TRUE,50,42,NA
4271,293168,"University College London, UK",46,26,6,63.5135,FALSE,2682842,2013-11-15 02:08:42 UTC,2017-05-06 08:33:23 UTC,TRUE,44,49,NA
4271,293195,"Washington University in St Louis, USA",37,21,8,63.3333,FALSE,2682842,2013-11-15 02:08:43 UTC,2017-04-11 11:20:46 UTC,TRUE,38,41,NA
4271,293237,"Nanyang Technological University, Singpapore",42,24,13,63.2353,FALSE,2682842,2013-11-15 02:08:43 UTC,2017-11-26 07:13:37 UTC,TRUE,43,51,NA
4271,293180,"National University of Singapore, Singapore",43,25,8,62.8571,FALSE,2682842,2013-11-15 02:08:42 UTC,2017-05-06 08:32:39 UTC,TRUE,43,49,NA
4271,293352,"Fudan University, China",49,29,4,62.5,FALSE,2682842,2013-11-15 02:08:44 UTC,2017-11-26 07:13:41 UTC,TRUE,42,51,NA
4271,293277,"Dartmouth College, USA",39,23,10,62.5,FALSE,2682842,2013-11-15 02:08:43 UTC,2017-05-01 10:40:08 UTC,TRUE,38,51,NA
4271,293347,"University of Victoria, Canada",41,25,19,61.7647,FALSE,2682842,2013-11-15 02:08:44 UTC,2017-11-20 07:12:50 UTC,TRUE,50,53,NA
4271,293306,"University of California, Riverside, USA",40,27,6,59.4203,FALSE,2682842,2013-11-15 02:08:43 UTC,2017-04-11 02:52:12 UTC,TRUE,50,40,NA
4271,293284,"University of Geneva, Switzerland",40,27,14,59.4203,FALSE,2682842,2013-11-15 02:08:43 UTC,2017-04-24 10:22:24 UTC,TRUE,51,45,NA
4271,293200,"University of Manchester, UK",37,25,14,59.375,FALSE,2682842,2013-11-15 02:08:43 UTC,2017-05-14 20:53:17 UTC,TRUE,47,42,NA
4271,293256,"Technische Universität München, Germany",34,23,19,59.322,FALSE,2682842,2013-11-15 02:08:43 UTC,2017-04-14 06:52:18 UTC,TRUE,42,49,NA
4271,293356,"Shanghai Jiaotong University, China",44,30,6,59.2105,FALSE,2682842,2013-11-15 02:08:44 UTC,2017-05-06 08:32:45 UTC,TRUE,47,52,NA
4271,293275,"Chinese University of Hong Kong, Hong Kong",51,35,4,59.0909,FALSE,2682842,2013-11-15 02:08:43 UTC,2017-11-26 07:14:25 UTC,TRUE,56,52,NA
4271,293191,"École Polytechnique Fédérale de Lausanne, Switzerland",45,31,11,58.9744,FALSE,2682842,2013-11-15 02:08:43 UTC,2017-11-26 07:14:18 UTC,TRUE,52,45,NA
4271,293357,University of Science and Technology of China,42,29,10,58.9041,FALSE,2682842,2013-11-15 02:08:44 UTC,2017-05-06 09:42:34 UTC,TRUE,43,44,NA
4271,293269,"University of Virginia, USA",46,32,15,58.75,FALSE,2682842,2013-11-15 02:08:43 UTC,2017-11-20 07:07:30 UTC,TRUE,54,58,NA
4271,293230,"Emory University, USA",36,25,15,58.7302,FALSE,2682842,2013-11-15 02:08:43 UTC,2017-11-26 07:13:31 UTC,TRUE,43,50,NA
4271,293249,"University of Arizona, USA",35,25,11,58.0645,FALSE,2682842,2013-11-15 02:08:43 UTC,2017-05-06 08:34:30 UTC,TRUE,41,45,NA
4271,293274,"University of Florida, USA",46,33,13,58.0247,FALSE,2682842,2013-11-15 02:08:43 UTC,2017-07-24 10:00:52 UTC,TRUE,55,52,NA
4271,293325,"Georgetown University, USA",43,31,11,57.8947,FALSE,2682842,2013-11-15 02:08:43 UTC,2017-04-11 03:31:46 UTC,TRUE,57,53,NA
4271,293245,"Michigan State University, USA",36,26,14,57.8125,FALSE,2682842,2013-11-15 02:08:43 UTC,2017-05-06 08:34:19 UTC,TRUE,40,56,NA
4271,293353,Renmin University of China,48,35,4,57.6471,FALSE,2682842,2013-11-15 02:08:44 UTC,2017-05-01 10:40:05 UTC,TRUE,48,56,NA
4271,293188,"Australian National University, Australia",37,27,12,57.5758,FALSE,2682842,2013-11-15 02:08:43 UTC,2017-11-10 03:48:01 UTC,TRUE,49,41,NA
4271,293401,Hong Kong Polytechnic University,34,25,10,57.377,FALSE,2682842,2013-11-15 02:08:44 UTC,2017-11-26 07:13:27 UTC,TRUE,30,48,NA
4271,293369,"Tongji University, China",38,28,13,57.3529,FALSE,2682842,2013-11-15 02:08:44 UTC,2017-04-14 06:51:07 UTC,TRUE,48,49,NA
4271,293183,"University of Edinburgh, UK",38,28,9,57.3529,FALSE,2682842,2013-11-15 02:08:42 UTC,2017-05-06 08:35:11 UTC,TRUE,38,56,NA
4271,293229,"Universität Heidelberg, Germany",40,30,12,56.9444,FALSE,2682842,2013-11-15 02:08:43 UTC,2017-11-24 12:14:15 UTC,TRUE,54,45,NA
4271,293238,"Tufts University, USA",34,26,16,56.4516,FALSE,2682842,2013-11-15 02:08:43 UTC,2017-05-14 20:53:45 UTC,TRUE,44,45,NA
4271,293214,"École Polytechnique, France",39,30,7,56.338,FALSE,2682842,2013-11-15 02:08:43 UTC,2017-11-20 07:07:24 UTC,TRUE,43,47,NA
4271,293319,"George Washington University, USA",35,27,8,56.25,FALSE,2682842,2013-11-15 02:08:43 UTC,2017-04-11 06:23:25 UTC,TRUE,44,39,NA
4271,293411,"National Central University, Taiwan",29,23,10,55.5556,TRUE,2684734,2013-11-15 13:33:37 UTC,2017-11-10 03:46:51 UTC,TRUE,35,37,NA
4271,293252,"Rutgers, The State University of New Jersey, USA",35,28,7,55.3846,FALSE,2682842,2013-11-15 02:08:43 UTC,2017-04-24 10:22:28 UTC,TRUE,42,40,NA
4271,293333,"City University of Hong Kong, Hong Kong",36,29,11,55.2239,FALSE,2682842,2013-11-15 02:08:43 UTC,2017-05-04 09:13:02 UTC,TRUE,52,41,NA
4271,293355,"Nanjing University, China",38,31,4,54.9296,FALSE,2682842,2013-11-15 02:08:44 UTC,2017-05-06 09:42:45 UTC,TRUE,52,38,NA
4271,293280,"Tokyo Institute of Technology, Japan",38,31,13,54.9296,FALSE,2682842,2013-11-15 02:08:43 UTC,2017-04-24 10:39:02 UTC,TRUE,47,52,NA
4271,293326,"Rensselaer Polytechnic Institute, USA",35,29,17,54.5455,FALSE,2682842,2013-11-15 02:08:43 UTC,2017-04-24 10:23:07 UTC,TRUE,43,53,NA
4271,293286,"National Taiwan University, Taiwan",30,25,9,54.386,FALSE,2682842,2013-11-15 02:08:43 UTC,2017-04-11 11:32:01 UTC,TRUE,40,38,NA
4271,293243,"Université Paris-Sud, France",37,31,7,54.2857,FALSE,2682842,2013-11-15 02:08:43 UTC,2017-11-20 07:07:48 UTC,TRUE,46,43,NA
4271,293282,"University of Copenhagen, Denmark",32,27,12,54.0984,FALSE,2682842,2013-11-15 02:08:43 UTC,2017-05-14 20:53:45 UTC,TRUE,39,46,NA
4271,293360,"Nankai University, China",39,33,11,54.0541,FALSE,2682842,2013-11-15 02:08:44 UTC,2017-05-04 15:04:56 UTC,TRUE,28,63,NA
4271,293354,"Zhejiang University, China",39,33,11,54.0541,FALSE,2682842,2013-11-15 02:08:44 UTC,2017-04-28 07:23:06 UTC,TRUE,48,52,NA
4271,293204,"Ohio State University, USA",39,33,10,54.0541,FALSE,2682842,2013-11-15 02:08:43 UTC,2017-04-14 06:49:54 UTC,TRUE,48,53,NA
4271,293299,"Arizona State University, USA",34,29,16,53.8462,FALSE,2682842,2013-11-15 02:08:43 UTC,2017-05-14 20:53:17 UTC,TRUE,48,47,NA
4271,293257,"Vanderbilt University, USA",35,30,16,53.7313,FALSE,2682842,2013-11-15 02:08:43 UTC,2017-05-14 20:53:28 UTC,TRUE,40,54,NA
4271,293316,"University of Delaware, USA",31,27,16,53.3333,FALSE,2682842,2013-11-15 02:08:43 UTC,2017-11-26 07:14:18 UTC,TRUE,46,43,NA
4271,293268,"Stockholm University, Sweden",31,27,21,53.3333,FALSE,2682842,2013-11-15 02:08:43 UTC,2017-05-10 11:49:14 UTC,TRUE,52,42,NA
4271,293208,"King's College London, UK",39,34,6,53.3333,FALSE,2682842,2013-11-15 02:08:43 UTC,2017-04-11 02:47:50 UTC,TRUE,49,41,NA
4271,293241,"University of Zürich, Switzerland",40,35,5,53.2468,FALSE,2682842,2013-11-15 02:08:43 UTC,2017-05-14 20:53:28 UTC,TRUE,43,54,NA
4271,293351,"Birkbeck, University of London, UK",32,28,16,53.2258,FALSE,2682842,2013-11-15 02:08:44 UTC,2017-11-10 03:48:59 UTC,TRUE,45,43,NA
4271,293297,"Queen Mary, University of London, UK",32,28,14,53.2258,FALSE,2682842,2013-11-15 02:08:43 UTC,2017-11-10 03:47:51 UTC,TRUE,42,48,NA
4271,293276,"University of Warwick, UK",33,29,17,53.125,FALSE,2682842,2013-11-15 02:08:43 UTC,2017-05-01 10:38:21 UTC,TRUE,37,55,NA
4271,293223,"University of Massachusetts, USA",36,32,8,52.8571,FALSE,2682842,2013-11-15 02:08:43 UTC,2017-04-24 10:22:02 UTC,TRUE,45,43,NA
4271,293254,"University of York, UK",33,30,9,52.3077,FALSE,2682842,2013-11-15 02:08:43 UTC,2017-11-20 07:11:33 UTC,TRUE,40,51,NA
4271,293336,"University of Illinois at Chicago, USA",34,31,8,52.2388,FALSE,2682842,2013-11-15 02:08:43 UTC,2017-05-14 20:53:41 UTC,TRUE,45,42,NA
4271,293311,"University of Birmingham, UK",36,33,6,52.1127,FALSE,2682842,2013-11-15 02:08:43 UTC,2017-04-14 06:49:49 UTC,TRUE,51,37,NA
4271,293346,"Iowa State University, USA",31,29,12,51.6129,FALSE,2682842,2013-11-15 02:08:44 UTC,2017-04-24 10:22:57 UTC,TRUE,52,33,NA
4271,293320,"University of Iowa, USA",33,31,9,51.5152,FALSE,2682842,2013-11-15 02:08:43 UTC,2017-05-06 08:34:41 UTC,TRUE,45,43,NA
4271,293303,"University of Bern, Switzerland",37,35,16,51.3514,FALSE,2682842,2013-11-15 02:08:43 UTC,2017-11-10 03:48:46 UTC,TRUE,50,55,NA
4271,293198,"University of Minnesota, USA",26,25,10,50.9434,FALSE,2682842,2013-11-15 02:08:43 UTC,2017-11-20 07:07:30 UTC,TRUE,49,30,NA
4271,293292,"KTH Royal Institute of Technology, Sweden",28,27,13,50.8772,FALSE,2682842,2013-11-15 02:08:43 UTC,2017-05-01 10:40:08 UTC,TRUE,43,35,NA
4271,293358,University of Chinese Academy of Sciences,29,28,6,50.8475,FALSE,2682842,2013-11-15 02:08:44 UTC,2017-04-24 10:22:50 UTC,TRUE,46,37,NA
4271,293318,"The University of Texas at Dallas, USA",30,29,12,50.8197,FALSE,2682842,2013-11-15 02:08:43 UTC,2017-05-14 20:53:03 UTC,TRUE,36,45,NA
4271,293324,"University of Liverpool, UK",33,32,14,50.7463,FALSE,2682842,2013-11-15 02:08:43 UTC,2017-11-10 03:46:57 UTC,TRUE,55,41,NA
4271,301965,Close to my home and where I will work,0,0,0,50.0,TRUE,2946885,2014-01-20 06:02:39 UTC,2014-01-20 06:02:39 UTC,FALSE,0,0,NA
4271,301839,like american universities,0,0,0,50.0,TRUE,2933380,2014-01-16 14:05:00 UTC,2014-01-16 14:05:00 UTC,FALSE,0,0,NA
4271,293440,Tsinghua university,0,0,0,50.0,TRUE,2688562,2013-11-16 15:49:15 UTC,2013-11-16 15:49:15 UTC,FALSE,0,0,NA
4271,293438,I know little about both two university,0,0,0,50.0,TRUE,2688130,2013-11-16 13:32:05 UTC,2013-11-16 13:32:05 UTC,FALSE,0,0,NA
4271,293437,"Columbia University, USA",0,0,0,50.0,TRUE,2687780,2013-11-16 11:06:54 UTC,2013-11-16 11:06:54 UTC,FALSE,0,0,NA
4271,293436,Tongji university is one of top universities in China.,0,0,0,50.0,TRUE,2687690,2013-11-16 10:34:48 UTC,2013-11-16 10:34:48 UTC,FALSE,0,0,NA
4271,293435,I don't know both of them,0,0,0,50.0,TRUE,2687470,2013-11-16 09:02:47 UTC,2013-11-16 09:02:47 UTC,FALSE,0,0,NA
4271,293408,both,0,0,0,50.0,TRUE,2684264,2013-11-15 11:34:40 UTC,2013-11-15 13:35:50 UTC,FALSE,0,0,NA
4271,293405,Shanghai Jiao Tong University,0,0,0,50.0,TRUE,2682894,2013-11-15 02:52:22 UTC,2013-11-15 02:52:22 UTC,FALSE,0,0,NA
4271,293368,"Xiamen University, China",34,34,8,50.0,FALSE,2682842,2013-11-15 02:08:44 UTC,2017-04-11 04:00:07 UTC,TRUE,52,43,NA
4271,293323,"Universität Bonn, Germany",32,32,16,50.0,FALSE,2682842,2013-11-15 02:08:43 UTC,2017-04-14 06:53:32 UTC,TRUE,52,49,NA
4271,293300,"Technical University of Denmark, Denmark",27,27,12,50.0,FALSE,2682842,2013-11-15 02:08:43 UTC,2017-04-14 06:48:48 UTC,TRUE,36,43,NA
4271,293285,"Indiana University, USA",35,35,13,50.0,FALSE,2682842,2013-11-15 02:08:43 UTC,2017-11-20 07:13:09 UTC,TRUE,47,56,NA
4271,293281,"Université de Lausanne, Switzerland",29,29,20,50.0,FALSE,2682842,2013-11-15 02:08:43 UTC,2017-11-10 03:47:11 UTC,TRUE,41,49,NA
4271,293246,"University of Notre Dame, USA",38,38,11,50.0,FALSE,2682842,2013-11-15 02:08:43 UTC,2017-04-14 06:50:16 UTC,TRUE,61,49,NA
4271,293199,"Ludwig-Maximilians-Universität München, Germany",36,37,7,49.3333,FALSE,2682842,2013-11-15 02:08:43 UTC,2017-05-06 08:35:30 UTC,TRUE,38,52,NA
4271,293179,"University of Melbourne, Australia",34,35,14,49.2958,FALSE,2682842,2013-11-15 02:08:42 UTC,2017-11-10 03:49:31 UTC,TRUE,51,50,NA
4271,293394,"University of Electronic Science and Technology, China",28,29,12,49.1525,FALSE,2682842,2013-11-15 02:08:44 UTC,2017-04-14 06:51:43 UTC,TRUE,54,33,NA
4271,293308,"Texas A&M University, USA",39,41,10,48.7805,FALSE,2682842,2013-11-15 02:08:43 UTC,2017-04-11 11:32:01 UTC,TRUE,46,60,NA
4271,293321,"École Normale Supérieure de Lyon, France",34,36,10,48.6111,FALSE,2682842,2013-11-15 02:08:43 UTC,2017-05-06 08:32:26 UTC,TRUE,44,55,NA
4271,293271,"University of Nottingham, UK",29,31,20,48.3871,FALSE,2682842,2013-11-15 02:08:43 UTC,2017-04-11 05:36:09 UTC,TRUE,51,47,NA
4271,293296,"Lancaster University, UK",28,30,21,48.3333,FALSE,2682842,2013-11-15 02:08:43 UTC,2017-11-10 03:47:35 UTC,TRUE,49,49,NA
4271,293344,"University of Miami, USA",33,36,12,47.8873,FALSE,2682842,2013-11-15 02:08:43 UTC,2017-05-01 10:40:07 UTC,TRUE,51,43,NA
4271,293349,"University at Buffalo, USA",37,41,19,47.5,FALSE,2682842,2013-11-15 02:08:44 UTC,2017-05-06 08:35:30 UTC,TRUE,53,55,NA
4271,293314,"University of Vienna, Austria",35,39,12,47.3684,FALSE,2682842,2013-11-15 02:08:43 UTC,2017-11-10 03:47:11 UTC,TRUE,54,48,NA
4271,293348,"University of Leicester, UK",25,28,16,47.2727,FALSE,2682842,2013-11-15 02:08:44 UTC,2017-11-10 03:48:42 UTC,TRUE,42,47,NA
4271,293236,"University of New South Wales, Australia",30,34,16,46.9697,FALSE,2682842,2013-11-15 02:08:43 UTC,2017-05-06 08:33:52 UTC,TRUE,55,47,NA
4271,293382,"University of Science and Technology Beijing, China",33,38,5,46.5753,FALSE,2682842,2013-11-15 02:08:44 UTC,2017-11-20 07:12:50 UTC,TRUE,44,47,NA
4271,293337,"William & Mary, USA",28,33,28,46.0317,FALSE,2682842,2013-11-15 02:08:43 UTC,2017-05-06 08:33:44 UTC,TRUE,52,52,NA
4271,293332,"Newcastle University, UK",31,37,16,45.7143,FALSE,2682842,2013-11-15 02:08:43 UTC,2017-11-10 03:49:02 UTC,TRUE,54,43,NA
4271,293328,"University of East Anglia, UK",25,30,21,45.614,FALSE,2682842,2013-11-15 02:08:43 UTC,2017-05-14 20:53:14 UTC,TRUE,48,48,NA
4271,293317,"Université Paris Diderot - Paris 7, France",25,30,14,45.614,FALSE,2682842,2013-11-15 02:08:43 UTC,2017-05-06 09:43:10 UTC,TRUE,48,33,NA
4271,293270,"Royal Holloway, University of London, UK",29,35,10,45.4545,FALSE,2682842,2013-11-15 02:08:43 UTC,2017-11-10 03:47:05 UTC,TRUE,49,40,NA
4271,293272,"University of Alberta, Canada",38,46,20,45.3488,FALSE,2682842,2013-11-15 02:08:43 UTC,2017-11-26 07:13:27 UTC,TRUE,74,47,NA
4271,293211,"École Normale Supérieure, France",26,32,7,45.0,FALSE,2682842,2013-11-15 02:08:43 UTC,2017-04-11 04:00:32 UTC,TRUE,37,42,NA
4271,293240,"University of Groningen, Netherlands",34,42,19,44.8718,FALSE,2682842,2013-11-15 02:08:43 UTC,2017-04-24 10:39:05 UTC,TRUE,52,58,NA
4271,293235,"University of Montreal, Canada",29,36,12,44.7761,FALSE,2682842,2013-11-15 02:08:43 UTC,2017-11-20 07:07:24 UTC,TRUE,47,42,NA
4271,293225,"University of Bristol, UK",24,30,18,44.6429,FALSE,2682842,2013-11-15 02:08:43 UTC,2017-04-28 07:23:18 UTC,TRUE,42,42,NA
4271,293365,"Tianjin University, China",32,40,12,44.5946,FALSE,2682842,2013-11-15 02:08:44 UTC,2017-04-11 02:53:08 UTC,TRUE,52,48,NA
4271,293377,"Beijing Institute of Technology, China",27,34,16,44.4444,FALSE,2682842,2013-11-15 02:08:44 UTC,2017-11-24 12:13:46 UTC,TRUE,43,51,NA
4271,293387,"South China University of Technology, China",22,28,14,44.2308,FALSE,2682842,2013-11-15 02:08:44 UTC,2017-05-04 09:13:39 UTC,TRUE,39,40,NA
4271,293362,"Harbin Institute of Technology, China",37,47,4,44.186,FALSE,2682842,2013-11-15 02:08:44 UTC,2017-05-06 08:34:04 UTC,TRUE,54,52,NA
4271,293250,"Humboldt-Universität zu Berlin, Germany",25,32,15,44.0678,FALSE,2682842,2013-11-15 02:08:43 UTC,2017-05-04 09:13:59 UTC,TRUE,43,41,NA
4271,293234,"University of Amsterdam, Netherlands",26,34,17,43.5484,FALSE,2682842,2013-11-15 02:08:43 UTC,2017-05-06 08:33:03 UTC,TRUE,45,46,NA
4271,293322,"University of Ottawa, Canada",29,38,9,43.4783,FALSE,2682842,2013-11-15 02:08:43 UTC,2017-04-11 03:06:12 UTC,TRUE,42,46,NA
4271,293359,"Beijing Normal University, China",32,42,11,43.4211,FALSE,2682842,2013-11-15 02:08:44 UTC,2017-04-14 06:54:05 UTC,TRUE,52,53,NA
4271,293231,"Durham University, UK",27,36,14,43.0769,FALSE,2682842,2013-11-15 02:08:43 UTC,2017-04-14 06:48:00 UTC,TRUE,41,49,NA
4271,293255,"Case Western Reserve University, USA",26,35,22,42.8571,FALSE,2682842,2013-11-15 02:08:43 UTC,2017-11-10 03:48:11 UTC,TRUE,44,54,NA
4271,293242,"University of Colorado Boulder, USA",34,46,11,42.6829,FALSE,2682842,2013-11-15 02:08:43 UTC,2017-11-10 03:48:54 UTC,TRUE,59,47,NA
4271,293342,"University of Western Australia, Australia",29,40,25,42.2535,FALSE,2682842,2013-11-15 02:08:43 UTC,2017-04-28 07:23:01 UTC,TRUE,54,52,NA
4271,293310,"Tel Aviv University, Israel",26,36,12,42.1875,FALSE,2682842,2013-11-15 02:08:43 UTC,2017-05-06 09:42:22 UTC,TRUE,40,51,NA
4271,293304,"University of Exeter, UK",31,44,20,41.5584,FALSE,2682842,2013-11-15 02:08:43 UTC,2017-05-06 08:33:28 UTC,TRUE,48,60,NA
4271,293295,"Albert-Ludwigs-Universität Freiburg, Germany",26,37,18,41.5385,FALSE,2682842,2013-11-15 02:08:43 UTC,2017-11-20 07:12:40 UTC,TRUE,49,43,NA
4271,293364,"Wuhan University, China",25,36,15,41.2698,FALSE,2682842,2013-11-15 02:08:44 UTC,2017-04-11 05:58:35 UTC,TRUE,46,48,NA
4271,293361,"Beijing University of Aeronautics and Astronautics, China",25,36,9,41.2698,FALSE,2682842,2013-11-15 02:08:44 UTC,2017-04-14 06:49:22 UTC,TRUE,41,51,NA
4271,293289,"Tohoku University, Japan",20,29,26,41.1765,FALSE,2682842,2013-11-15 02:08:43 UTC,2017-04-14 06:54:07 UTC,TRUE,39,53,NA
4271,293287,"University of Utah, USA",22,32,12,41.0714,FALSE,2682842,2013-11-15 02:08:43 UTC,2017-04-11 03:03:38 UTC,TRUE,37,38,NA
4271,293385,"Beijing Jiaotong University, China",17,25,10,40.9091,FALSE,2682842,2013-11-15 02:08:44 UTC,2017-04-11 03:03:27 UTC,TRUE,29,41,NA
4271,293260,"University of Helsinki, Finland",24,36,24,40.3226,FALSE,2682842,2013-11-15 02:08:43 UTC,2017-11-20 07:12:46 UTC,TRUE,49,45,NA
4271,293414,"National Tsing Hua University, Taiwan",26,39,11,40.2985,TRUE,2684734,2013-11-15 13:34:29 UTC,2017-05-14 20:53:14 UTC,TRUE,37,53,NA
4271,293251,"Monash University, Australia",24,37,12,39.6825,FALSE,2682842,2013-11-15 02:08:43 UTC,2017-05-10 11:49:09 UTC,TRUE,48,46,NA
4271,293222,"Georg-August-Universität Göttingen, Germany",24,38,14,39.0625,FALSE,2682842,2013-11-15 02:08:43 UTC,2017-05-01 10:40:12 UTC,TRUE,47,43,NA
4271,293372,"Southeast University, China",22,35,14,38.9831,FALSE,2682842,2013-11-15 02:08:44 UTC,2017-05-18 13:42:53 UTC,TRUE,54,38,NA
4271,293305,"RWTH Aachen University, Germany",23,37,27,38.7097,FALSE,2682842,2013-11-15 02:08:43 UTC,2017-05-06 08:35:19 UTC,TRUE,55,44,NA
4271,293390,"Chongqing University, China",26,42,11,38.5714,FALSE,2682842,2013-11-15 02:08:44 UTC,2017-05-06 08:32:26 UTC,TRUE,41,55,NA
4271,293302,"Karlsruhe Institute of Technology, Germany",20,33,16,38.1818,FALSE,2682842,2013-11-15 02:08:43 UTC,2017-05-06 08:35:11 UTC,TRUE,44,36,NA
4271,293379,"Shanghai University of Finance and Economics, China",28,46,10,38.1579,FALSE,2682842,2013-11-15 02:08:44 UTC,2017-05-04 09:13:13 UTC,TRUE,51,52,NA
4271,293331,"Université Joseph Fourier, Grenoble, France",23,38,25,38.0952,FALSE,2682842,2013-11-15 02:08:43 UTC,2017-05-06 08:33:09 UTC,TRUE,44,46,NA
4271,293258,"Uppsala University, Sweden",24,41,17,37.3134,FALSE,2682842,2013-11-15 02:08:43 UTC,2017-05-04 15:05:22 UTC,TRUE,33,59,NA
4271,293350,"Johann Wolfgang Goethe-Universität Frankfurt am Main, Germany",22,38,13,37.0968,FALSE,2682842,2013-11-15 02:08:44 UTC,2017-05-06 08:35:19 UTC,TRUE,46,38,NA
4271,293345,"Technion Israel Institute of Technology, Israel",22,38,9,37.0968,FALSE,2682842,2013-11-15 02:08:44 UTC,2017-04-10 13:18:53 UTC,TRUE,41,45,NA
4271,293409,"National Chiao Tung University, Taiwan",24,42,12,36.7647,TRUE,2684734,2013-11-15 13:32:55 UTC,2017-11-24 12:14:15 UTC,TRUE,46,43,NA
4271,293283,"University of Southampton, UK",17,30,20,36.7347,FALSE,2682842,2013-11-15 02:08:43 UTC,2017-05-14 20:53:03 UTC,TRUE,39,47,NA
4271,293298,"Osaka University, Japan",21,37,14,36.6667,FALSE,2682842,2013-11-15 02:08:43 UTC,2017-05-06 08:32:39 UTC,TRUE,42,41,NA
4271,293293,"Universität Basel, Switzerland",22,39,14,36.5079,FALSE,2682842,2013-11-15 02:08:43 UTC,2017-05-14 20:52:56 UTC,TRUE,40,50,NA
4271,293215,"Leiden University, Netherlands",20,36,15,36.2069,FALSE,2682842,2013-11-15 02:08:43 UTC,2017-05-06 08:34:59 UTC,TRUE,50,32,NA
4271,293294,"University of Leeds, UK",25,45,14,36.1111,FALSE,2682842,2013-11-15 02:08:43 UTC,2017-11-10 03:48:39 UTC,TRUE,46,46,NA
4271,293363,"Xi'an Jiaotong University, China",21,38,10,36.0656,FALSE,2682842,2013-11-15 02:08:44 UTC,2017-04-24 10:22:54 UTC,TRUE,40,49,NA
4271,293389,"Beijing University of Posts and Telecommunications, China",23,42,14,35.8209,FALSE,2682842,2013-11-15 02:08:44 UTC,2017-04-14 06:50:45 UTC,TRUE,48,45,NA
4271,293402,Hong Kong Baptist University,27,50,10,35.443,FALSE,2682842,2013-11-15 02:08:44 UTC,2017-05-06 08:35:06 UTC,TRUE,55,49,NA
4271,293216,"University of Queensland Australia, Australia",18,34,16,35.1852,FALSE,2682842,2013-11-15 02:08:43 UTC,2017-04-28 07:23:04 UTC,TRUE,55,39,NA
4271,293383,"University of International Business and Economics, China",26,49,13,35.0649,FALSE,2682842,2013-11-15 02:08:44 UTC,2017-05-06 08:34:41 UTC,TRUE,50,61,NA
4271,293288,"Hebrew University of Jerusalem, Israel",22,42,11,34.8485,FALSE,2682842,2013-11-15 02:08:43 UTC,2017-04-24 10:22:50 UTC,TRUE,57,34,NA
4271,293261,"University of Sussex, UK",17,33,15,34.6154,FALSE,2682842,2013-11-15 02:08:43 UTC,2017-05-06 08:33:52 UTC,TRUE,40,47,NA
4271,293413,"National Taiwan Normal University, Taiwan",19,37,14,34.4828,TRUE,2684734,2013-11-15 13:34:15 UTC,2017-04-14 06:50:51 UTC,TRUE,46,39,NA
4271,293259,"University of St Andrews, UK",18,36,16,33.9286,FALSE,2682842,2013-11-15 02:08:43 UTC,2017-04-11 02:48:15 UTC,TRUE,39,42,NA
4271,293239,"McMaster University, Canada",18,36,26,33.9286,FALSE,2682842,2013-11-15 02:08:43 UTC,2017-04-24 10:21:35 UTC,TRUE,45,42,NA
4271,293398,"Northeastern University, China",23,47,11,33.3333,FALSE,2682842,2013-11-15 02:08:44 UTC,2017-05-14 20:53:09 UTC,TRUE,45,49,NA
4271,293380,"Jilin University, China",20,41,8,33.3333,FALSE,2682842,2013-11-15 02:08:44 UTC,2017-04-14 06:55:21 UTC,TRUE,44,42,NA
4271,293367,"Huazhong University of Science and Technology, China",22,45,10,33.3333,FALSE,2682842,2013-11-15 02:08:44 UTC,2017-05-14 20:53:47 UTC,TRUE,39,51,NA
4271,293335,"Colorado School of Mines, USA",23,47,13,33.3333,FALSE,2682842,2013-11-15 02:08:43 UTC,2017-04-14 06:53:07 UTC,TRUE,61,34,NA
4271,293327,"University of Adelaide, Australia",16,33,27,33.3333,FALSE,2682842,2013-11-15 02:08:43 UTC,2017-05-06 08:34:36 UTC,TRUE,45,46,NA
4271,293266,"Maastricht University, Netherlands",21,43,20,33.3333,FALSE,2682842,2013-11-15 02:08:43 UTC,2017-04-28 07:23:18 UTC,TRUE,53,51,NA
4271,293228,"Delft University of Technology, Netherlands",19,40,19,32.7869,FALSE,2682842,2013-11-15 02:08:43 UTC,2017-05-06 09:43:06 UTC,TRUE,45,48,NA
4271,293392,"Nanjing University of Science and Technology, China",21,45,12,32.3529,FALSE,2682842,2013-11-15 02:08:44 UTC,2017-11-10 03:48:31 UTC,TRUE,52,46,NA
4271,293341,"Wake Forest University, USA",18,39,13,32.2034,FALSE,2682842,2013-11-15 02:08:43 UTC,2017-04-11 03:03:31 UTC,TRUE,45,42,NA
4271,293262,"University of Sheffield, UK",15,33,21,32.0,FALSE,2682842,2013-11-15 02:08:43 UTC,2017-11-10 03:47:41 UTC,TRUE,38,47,NA
4271,293374,"East China Normal University, China",22,48,20,31.9444,FALSE,2682842,2013-11-15 02:08:44 UTC,2017-11-26 07:13:37 UTC,TRUE,57,42,NA
4271,293415,"National Sun Yat-Sen University, Taiwan",19,42,14,31.746,TRUE,2684734,2013-11-15 13:34:51 UTC,2017-05-06 08:34:30 UTC,TRUE,41,49,NA
4271,293290,"University of Glasgow, UK",19,42,27,31.746,FALSE,2682842,2013-11-15 02:08:43 UTC,2017-05-06 09:42:12 UTC,TRUE,51,47,NA
4271,293210,"Seoul National University, Republic of Korea",16,36,19,31.4815,FALSE,2682842,2013-11-15 02:08:43 UTC,2017-04-11 03:06:32 UTC,TRUE,50,34,NA
4271,293312,"University of Auckland, New Zealand",20,45,16,31.3433,FALSE,2682842,2013-11-15 02:08:43 UTC,2017-04-24 10:39:13 UTC,TRUE,43,48,NA
4271,293395,"Ocean University of China, China",21,48,6,30.9859,FALSE,2682842,2013-11-15 02:08:44 UTC,2017-05-04 15:06:06 UTC,TRUE,44,47,NA
4271,293396,"Shanghai International Studies University, China",20,46,13,30.8824,FALSE,2682842,2013-11-15 02:08:44 UTC,2017-05-06 09:42:22 UTC,TRUE,41,58,NA
4271,293403,"Lingnan University, Hong Kong",18,42,14,30.6452,FALSE,2682842,2013-11-15 02:08:44 UTC,2017-05-06 08:34:10 UTC,TRUE,42,50,NA
4271,293397,"Southwestern University of Finance and Economics, China",17,40,9,30.5085,FALSE,2682842,2013-11-15 02:08:44 UTC,2017-11-10 03:49:31 UTC,TRUE,40,33,NA
4271,293232,"Université Pierre et Marie Curie, France",17,40,24,30.5085,FALSE,2682842,2013-11-15 02:08:43 UTC,2017-04-14 06:53:18 UTC,TRUE,40,52,NA
4271,293279,"Freie Universität Berlin, Germany",16,38,17,30.3571,FALSE,2682842,2013-11-15 02:08:43 UTC,2017-11-24 12:14:04 UTC,TRUE,49,34,NA
4271,293386,"Beijing Foreign Studies University, China",25,59,11,30.2326,FALSE,2682842,2013-11-15 02:08:44 UTC,2017-05-10 11:49:09 UTC,TRUE,46,59,NA
4271,293330,"University of Reading, UK",15,36,21,30.1887,FALSE,2682842,2013-11-15 02:08:43 UTC,2017-04-14 06:54:02 UTC,TRUE,40,49,NA
4271,293381,"Northwestern Polytechnical University, China",23,55,10,30.0,FALSE,2682842,2013-11-15 02:08:44 UTC,2017-05-04 09:12:58 UTC,TRUE,56,43,NA
4271,293388,"Nanjing University of Aeronautics and Astronautics, China",19,46,7,29.8507,FALSE,2682842,2013-11-15 02:08:44 UTC,2017-05-06 08:32:52 UTC,TRUE,41,43,NA
4271,293416,"National Taiwan University of Science and Technology, Taiwan",16,39,10,29.8246,TRUE,2684734,2013-11-15 13:35:06 UTC,2017-05-04 09:13:17 UTC,TRUE,46,36,NA
4271,293233,"Lund University, Sweden",16,39,20,29.8246,FALSE,2682842,2013-11-15 02:08:43 UTC,2017-05-14 20:52:48 UTC,TRUE,48,32,NA
4271,293410,"National Chengchi University, Taiwan",13,32,17,29.7872,TRUE,2684734,2013-11-15 13:33:18 UTC,2017-11-20 07:11:33 UTC,TRUE,35,39,NA
4271,293315,"Université Catholique de Louvain, Belgium",14,35,17,29.4118,FALSE,2682842,2013-11-15 02:08:43 UTC,2015-03-16 13:32:51 UTC,TRUE,40,36,NA
4271,293291,"VU University Amsterdam, Netherlands",21,53,22,28.9474,FALSE,2682842,2013-11-15 02:08:43 UTC,2017-04-11 05:59:14 UTC,TRUE,55,54,NA
4271,293309,"University of São Paulo, Brazil",18,46,17,28.7879,FALSE,2682842,2013-11-15 02:08:43 UTC,2017-05-14 20:53:52 UTC,TRUE,42,49,NA
4271,293391,"China University of Political Science and Law, China",20,51,19,28.7671,FALSE,2682842,2013-11-15 02:08:44 UTC,2017-04-14 06:55:12 UTC,TRUE,57,49,NA
4271,293399,"Beijing Language and Culture University, China",15,39,10,28.5714,FALSE,2682842,2013-11-15 02:08:44 UTC,2017-04-14 06:54:53 UTC,TRUE,37,41,NA
4271,293393,"East China University Of Science and Technology, China",19,49,10,28.5714,FALSE,2682842,2013-11-15 02:08:44 UTC,2017-11-10 03:48:46 UTC,TRUE,47,46,NA
4271,293384,"Hunan University, China",17,44,11,28.5714,FALSE,2682842,2013-11-15 02:08:44 UTC,2017-05-04 15:04:50 UTC,TRUE,44,45,NA
4271,293218,"Utrecht University, Netherlands",15,39,11,28.5714,FALSE,2682842,2013-11-15 02:08:43 UTC,2017-11-10 03:47:51 UTC,TRUE,51,30,NA
4271,293194,"Karolinska Institute, Sweden",21,54,25,28.5714,FALSE,2682842,2013-11-15 02:08:43 UTC,2017-05-06 08:34:19 UTC,TRUE,53,63,NA
4271,293378,"Central University of Finance and Economics, China",17,45,9,28.125,FALSE,2682842,2013-11-15 02:08:44 UTC,2017-05-06 09:42:52 UTC,TRUE,46,43,NA
4271,293265,"Eindhoven University of Technology, Netherlands",15,40,16,28.0702,FALSE,2682842,2013-11-15 02:08:43 UTC,2017-04-24 10:21:42 UTC,TRUE,48,39,NA
4271,293373,"Central South University, China",19,51,18,27.7778,FALSE,2682842,2013-11-15 02:08:44 UTC,2017-04-14 06:53:59 UTC,TRUE,49,52,NA
4271,293209,"KU Leuven, Belgium",15,41,20,27.5862,FALSE,2682842,2013-11-15 02:08:43 UTC,2017-05-14 20:53:47 UTC,TRUE,46,38,NA
4271,293371,"Sichuan University, China",19,52,12,27.3973,FALSE,2682842,2013-11-15 02:08:44 UTC,2017-04-11 05:35:38 UTC,TRUE,49,47,NA
4271,293221,"Wageningen University and Research Center, Netherlands",19,53,31,27.027,FALSE,2682842,2013-11-15 02:08:43 UTC,2017-11-10 03:46:58 UTC,TRUE,56,58,NA
4271,293263,"Trinity College Dublin, Republic of Ireland",16,45,17,26.9841,FALSE,2682842,2013-11-15 02:08:43 UTC,2017-04-24 10:22:34 UTC,TRUE,38,53,NA
4271,293244,"Ghent University, Belgium",14,40,23,26.7857,FALSE,2682842,2013-11-15 02:08:43 UTC,2017-11-20 07:12:44 UTC,TRUE,50,45,NA
4271,293338,"University College Dublin, Republic of Ireland",19,54,21,26.6667,FALSE,2682842,2013-11-15 02:08:43 UTC,2017-05-06 08:32:35 UTC,TRUE,46,65,NA
4271,293400,"Beijing Forestry University, China",17,49,9,26.4706,FALSE,2682842,2013-11-15 02:08:44 UTC,2017-11-24 12:13:46 UTC,TRUE,52,41,NA
4271,293375,"Shandong University, China",16,47,11,26.1538,FALSE,2682842,2013-11-15 02:08:44 UTC,2017-04-24 10:22:06 UTC,TRUE,46,39,NA
4271,293340,"Medical University of South Carolina, USA",18,53,17,26.0274,FALSE,2682842,2013-11-15 02:08:43 UTC,2017-05-14 20:53:55 UTC,TRUE,44,59,NA
4271,293267,"Aarhus University, Denmark",12,36,19,26.0,FALSE,2682842,2013-11-15 02:08:43 UTC,2017-05-06 08:32:35 UTC,TRUE,43,36,NA
4271,293376,"Dalian University of Technology, China",17,51,20,25.7143,FALSE,2682842,2013-11-15 02:08:44 UTC,2017-04-11 02:52:32 UTC,TRUE,57,47,NA
4271,293343,"University of Antwerp, Belgium",15,47,24,25.0,FALSE,2682842,2013-11-15 02:08:43 UTC,2017-04-14 06:54:53 UTC,TRUE,44,51,NA
4271,293278,"Radboud University Nijmegen, Netherlands",13,41,24,25.0,FALSE,2682842,2013-11-15 02:08:43 UTC,2017-11-10 03:48:07 UTC,TRUE,40,54,NA
4271,293404,"University of Macau, China",21,68,15,24.1758,FALSE,2682842,2013-11-15 02:08:44 UTC,2017-11-26 07:13:23 UTC,TRUE,65,56,NA
4271,293219,"Korea Advanced Institute of Science and Technology, Republic of Korea",16,55,19,23.2877,FALSE,2682842,2013-11-15 02:08:43 UTC,2017-04-14 06:53:22 UTC,TRUE,55,52,NA
4271,293329,"University of Aberdeen, UK",12,42,22,23.2143,FALSE,2682842,2013-11-15 02:08:43 UTC,2017-04-14 06:48:53 UTC,TRUE,47,48,NA
4271,293201,"Pohang University of Science and Technology, Republic of Korea",14,49,16,23.0769,FALSE,2682842,2013-11-15 02:08:43 UTC,2017-05-06 08:33:03 UTC,TRUE,48,45,NA
4271,293334,"Yonsei University, Republic of Korea",12,43,13,22.807,FALSE,2682842,2013-11-15 02:08:43 UTC,2017-11-10 03:48:31 UTC,TRUE,38,40,NA
4271,293307,"Yeshiva University, USA",9,33,17,22.7273,FALSE,2682842,2013-11-15 02:08:43 UTC,2017-04-14 06:51:11 UTC,TRUE,28,48,NA
4271,293224,"Erasmus University Rotterdam, Netherlands",13,50,17,21.5385,FALSE,2682842,2013-11-15 02:08:43 UTC,2017-04-24 10:22:12 UTC,TRUE,51,46,NA
4271,293264,"University of Cape Town, South Africa",13,51,8,21.2121,FALSE,2682842,2013-11-15 02:08:43 UTC,2017-04-11 03:04:46 UTC,TRUE,48,41,NA
4271,293412,"National Cheng Kung University, Taiwan",11,48,16,19.6721,TRUE,2684734,2013-11-15 13:33:56 UTC,2017-05-10 11:49:14 UTC,TRUE,42,50,NA
4271,293370,"China Agricultural University, China",12,53,10,19.403,FALSE,2682842,2013-11-15 02:08:44 UTC,2017-05-04 15:05:47 UTC,TRUE,43,48,NA
4271,293339,"University of Twente, Netherlands",10,45,19,19.2982,FALSE,2682842,2013-11-15 02:08:43 UTC,2017-04-11 05:37:03 UTC,TRUE,45,41,NA
4271,293366,"Sun Yat-Sen University, China",14,62,13,19.2308,FALSE,2682842,2013-11-15 02:08:44 UTC,2017-05-06 09:42:45 UTC,TRUE,49,55,NA
