Vote ID,Session ID,Wikisurvey ID,Winner ID,Winner Text,Loser ID,Loser Text,Prompt ID,Appearance ID,Left Choice ID,Right Choice ID,Created at,Updated at,Response Time (s),Missing Response Time Explanation,Valid,Hashed IP Address,URL Alias,User Agent,Referrer,Widget,Info
18496183,5071164,11742,709681,11.SiaoLi <https://github.com/yuany-pku/2017_CSIC5011/blob/master/project2/11.SiaoLi_poster.pdf>,709673,03.ChenZeng <https://github.com/yuany-pku/2017_CSIC5011/blob/master/project2/03.ChenZeng_poster.pptx>,26497013,25232190,709681,709673,2017-11-20 06:22:46 UTC,2017-11-20 06:22:46 UTC,4.477,"",TRUE,e11c83689a537b83b30c98ab13b1671c,csic5011-project2,"Mozilla/5.0 (Macintosh; Intel Mac OS X 10_10_5) AppleWebKit/603.3.8 (KHTML, like Gecko) Version/10.1.2 Safari/603.3.8",DIRECT_VISIT,FALSE,NA
18496193,5071183,11742,709680,10.Plantaz <https://github.com/yuany-pku/2017_CSIC5011/blob/master/project2/10.Plantaz_Poster.pdf>,709679,09.MuNam <https://github.com/yuany-pku/2017_CSIC5011/blob/master/project2/09.MuNam_poster.pptx>,26497070,25232226,709680,709679,2017-11-20 07:06:42 UTC,2017-11-20 07:06:42 UTC,5.545,"",TRUE,0425249431ae4bfd04382d7bfc2edf4a,csic5011-project2,"Mozilla/5.0 (Windows NT 10.0; Win64; x64) AppleWebKit/537.36 (KHTML, like Gecko) Chrome/62.0.3202.94 Safari/537.36",DIRECT_VISIT,FALSE,NA
18496710,5071259,11742,709673,03.ChenZeng <https://github.com/yuany-pku/2017_CSIC5011/blob/master/project2/03.ChenZeng_poster.pptx>,709675,05.HanTanYe <https://github.com/yuany-pku/2017_CSIC5011/blob/master/project2/05.HanTanYe_poster.pdf>,26497120,25232863,709675,709673,2017-11-20 08:53:00 UTC,2017-11-20 08:53:00 UTC,19.213,"",FALSE,f65d5ba581a7cb861083be563619aa18,csic5011-project2,"Mozilla/5.0 (Macintosh; Intel Mac OS X 10_13_1) AppleWebKit/604.3.5 (KHTML, like Gecko) Version/11.0.1 Safari/604.3.5",DIRECT_VISIT,FALSE,NA
18496711,5071259,11742,709680,10.Plantaz <https://github.com/yuany-pku/2017_CSIC5011/blob/master/project2/10.Plantaz_Poster.pdf>,709676,06.KVZ <https://github.com/yuany-pku/2017_CSIC5011/blob/master/project2/06.KVZ_poster.pdf>,26497061,25232864,709680,709676,2017-11-20 08:53:02 UTC,2017-11-20 08:53:02 UTC,1.737,"",TRUE,f65d5ba581a7cb861083be563619aa18,csic5011-project2,"Mozilla/5.0 (Macintosh; Intel Mac OS X 10_13_1) AppleWebKit/604.3.5 (KHTML, like Gecko) Version/11.0.1 Safari/604.3.5",DIRECT_VISIT,FALSE,NA
18496712,5071259,11742,709674,04.GuHuangSun <https://github.com/yuany-pku/2017_CSIC5011/blob/master/project2/03.GuHuangSun_poster.pptx>,709677,"07.Li, Yan Chak <https://github.com/yuany-pku/2017_CSIC5011/blob/master/project2/07.Li_poster.pdf>",26497062,25232865,709674,709677,2017-11-20 08:53:04 UTC,2017-11-20 08:53:04 UTC,2.257,"",TRUE,f65d5ba581a7cb861083be563619aa18,csic5011-project2,"Mozilla/5.0 (Macintosh; Intel Mac OS X 10_13_1) AppleWebKit/604.3.5 (KHTML, like Gecko) Version/11.0.1 Safari/604.3.5",DIRECT_VISIT,FALSE,NA
18496713,5071259,11742,709676,06.KVZ <https://github.com/yuany-pku/2017_CSIC5011/blob/master/project2/06.KVZ_poster.pdf>,709682,"12.Wu, Aoyu <https://github.com/yuany-pku/2017_CSIC5011/blob/master/project2/12.WU_Aoyu_Poster.pptx>",26497119,25232866,709682,709676,2017-11-20 08:53:09 UTC,2017-11-20 08:53:09 UTC,4.097,"",TRUE,f65d5ba581a7cb861083be563619aa18,csic5011-project2,"Mozilla/5.0 (Macintosh; Intel Mac OS X 10_13_1) AppleWebKit/604.3.5 (KHTML, like Gecko) Version/11.0.1 Safari/604.3.5",DIRECT_VISIT,FALSE,NA
18496714,5071259,11742,709671,"01.Bu, Qi <https://github.com/yuany-pku/2017_CSIC5011/blob/master/project2/01.Bu_poster.pdf>",709675,05.HanTanYe <https://github.com/yuany-pku/2017_CSIC5011/blob/master/project2/05.HanTanYe_poster.pdf>,26497053,25232867,709671,709675,2017-11-20 08:53:12 UTC,2017-11-20 08:53:12 UTC,2.372,"",TRUE,f65d5ba581a7cb861083be563619aa18,csic5011-project2,"Mozilla/5.0 (Macintosh; Intel Mac OS X 10_13_1) AppleWebKit/604.3.5 (KHTML, like Gecko) Version/11.0.1 Safari/604.3.5",DIRECT_VISIT,FALSE,NA
18496715,5071259,11742,709672,02.CaoLo <https://github.com/yuany-pku/2017_CSIC5011/blob/master/project2/02.CaoLo_poster.pdf>,709671,"01.Bu, Qi <https://github.com/yuany-pku/2017_CSIC5011/blob/master/project2/01.Bu_poster.pdf>",26497135,25232869,709672,709671,2017-11-20 08:53:14 UTC,2017-11-20 08:53:14 UTC,1.857,"",TRUE,f65d5ba581a7cb861083be563619aa18,csic5011-project2,"Mozilla/5.0 (Macintosh; Intel Mac OS X 10_13_1) AppleWebKit/604.3.5 (KHTML, like Gecko) Version/11.0.1 Safari/604.3.5",DIRECT_VISIT,FALSE,NA
18496716,5071259,11742,709671,"01.Bu, Qi <https://github.com/yuany-pku/2017_CSIC5011/blob/master/project2/01.Bu_poster.pdf>",709674,04.GuHuangSun <https://github.com/yuany-pku/2017_CSIC5011/blob/master/project2/03.GuHuangSun_poster.pptx>,26497071,25232870,709674,709671,2017-11-20 08:53:16 UTC,2017-11-20 08:53:16 UTC,1.837,"",TRUE,f65d5ba581a7cb861083be563619aa18,csic5011-project2,"Mozilla/5.0 (Macintosh; Intel Mac OS X 10_13_1) AppleWebKit/604.3.5 (KHTML, like Gecko) Version/11.0.1 Safari/604.3.5",DIRECT_VISIT,FALSE,NA
18496717,5071259,11742,709681,11.SiaoLi <https://github.com/yuany-pku/2017_CSIC5011/blob/master/project2/11.SiaoLi_poster.pdf>,709675,05.HanTanYe <https://github.com/yuany-pku/2017_CSIC5011/blob/master/project2/05.HanTanYe_poster.pdf>,26497082,25232871,709681,709675,2017-11-20 08:53:17 UTC,2017-11-20 08:53:17 UTC,1.116,"",TRUE,f65d5ba581a7cb861083be563619aa18,csic5011-project2,"Mozilla/5.0 (Macintosh; Intel Mac OS X 10_13_1) AppleWebKit/604.3.5 (KHTML, like Gecko) Version/11.0.1 Safari/604.3.5",DIRECT_VISIT,FALSE,NA
18496718,5071259,11742,709675,05.HanTanYe <https://github.com/yuany-pku/2017_CSIC5011/blob/master/project2/05.HanTanYe_poster.pdf>,709681,11.SiaoLi <https://github.com/yuany-pku/2017_CSIC5011/blob/master/project2/11.SiaoLi_poster.pdf>,26497082,25232872,709681,709675,2017-11-20 08:53:19 UTC,2017-11-20 08:53:19 UTC,1.568,"",TRUE,f65d5ba581a7cb861083be563619aa18,csic5011-project2,"Mozilla/5.0 (Macintosh; Intel Mac OS X 10_13_1) AppleWebKit/604.3.5 (KHTML, like Gecko) Version/11.0.1 Safari/604.3.5",DIRECT_VISIT,FALSE,NA
18496719,5071259,11742,709674,04.GuHuangSun <https://github.com/yuany-pku/2017_CSIC5011/blob/master/project2/03.GuHuangSun_poster.pptx>,709682,"12.Wu, Aoyu <https://github.com/yuany-pku/2017_CSIC5011/blob/master/project2/12.WU_Aoyu_Poster.pptx>",26497124,25232873,709682,709674,2017-11-20 08:53:22 UTC,2017-11-20 08:53:22 UTC,2.613,"",TRUE,f65d5ba581a7cb861083be563619aa18,csic5011-project2,"Mozilla/5.0 (Macintosh; Intel Mac OS X 10_13_1) AppleWebKit/604.3.5 (KHTML, like Gecko) Version/11.0.1 Safari/604.3.5",DIRECT_VISIT,FALSE,NA
18496720,5071259,11742,709681,11.SiaoLi <https://github.com/yuany-pku/2017_CSIC5011/blob/master/project2/11.SiaoLi_poster.pdf>,709682,"12.Wu, Aoyu <https://github.com/yuany-pku/2017_CSIC5011/blob/master/project2/12.WU_Aoyu_Poster.pptx>",26497015,25232874,709682,709681,2017-11-20 08:53:25 UTC,2017-11-20 08:53:25 UTC,2.249,"",TRUE,f65d5ba581a7cb861083be563619aa18,csic5011-project2,"Mozilla/5.0 (Macintosh; Intel Mac OS X 10_13_1) AppleWebKit/604.3.5 (KHTML, like Gecko) Version/11.0.1 Safari/604.3.5",DIRECT_VISIT,FALSE,NA
18496721,5071259,11742,709672,02.CaoLo <https://github.com/yuany-pku/2017_CSIC5011/blob/master/project2/02.CaoLo_poster.pdf>,709674,04.GuHuangSun <https://github.com/yuany-pku/2017_CSIC5011/blob/master/project2/03.GuHuangSun_poster.pptx>,26497126,25232875,709674,709672,2017-11-20 08:53:27 UTC,2017-11-20 08:53:27 UTC,1.903,"",TRUE,f65d5ba581a7cb861083be563619aa18,csic5011-project2,"Mozilla/5.0 (Macintosh; Intel Mac OS X 10_13_1) AppleWebKit/604.3.5 (KHTML, like Gecko) Version/11.0.1 Safari/604.3.5",DIRECT_VISIT,FALSE,NA
18496722,5071259,11742,709680,10.Plantaz <https://github.com/yuany-pku/2017_CSIC5011/blob/master/project2/10.Plantaz_Poster.pdf>,709671,"01.Bu, Qi <https://github.com/yuany-pku/2017_CSIC5011/blob/master/project2/01.Bu_poster.pdf>",26497112,25232876,709671,709680,2017-11-20 08:53:29 UTC,2017-11-20 08:53:29 UTC,1.76,"",TRUE,f65d5ba581a7cb861083be563619aa18,csic5011-project2,"Mozilla/5.0 (Macintosh; Intel Mac OS X 10_13_1) AppleWebKit/604.3.5 (KHTML, like Gecko) Version/11.0.1 Safari/604.3.5",DIRECT_VISIT,FALSE,NA
18496723,5071259,11742,709678,08.MaoYe <https://github.com/yuany-pku/2017_CSIC5011/blob/master/project2/08.MaoYe_poster.pptx>,709674,04.GuHuangSun <https://github.com/yuany-pku/2017_CSIC5011/blob/master/project2/03.GuHuangSun_poster.pptx>,26497080,25232877,709678,709674,2017-11-20 08:53:32 UTC,2017-11-20 08:53:32 UTC,2.228,"",TRUE,f65d5ba581a7cb861083be563619aa18,csic5011-project2,"Mozilla/5.0 (Macintosh; Intel Mac OS X 10_13_1) AppleWebKit/604.3.5 (KHTML, like Gecko) Version/11.0.1 Safari/604.3.5",DIRECT_VISIT,FALSE,NA
18496724,5071259,11742,709674,04.GuHuangSun <https://github.com/yuany-pku/2017_CSIC5011/blob/master/project2/03.GuHuangSun_poster.pptx>,709678,08.MaoYe <https://github.com/yuany-pku/2017_CSIC5011/blob/master/project2/08.MaoYe_poster.pptx>,26497080,25232878,709678,709674,2017-11-20 08:53:34 UTC,2017-11-20 08:53:34 UTC,1.274,"",TRUE,f65d5ba581a7cb861083be563619aa18,csic5011-project2,"Mozilla/5.0 (Macintosh; Intel Mac OS X 10_13_1) AppleWebKit/604.3.5 (KHTML, like Gecko) Version/11.0.1 Safari/604.3.5",DIRECT_VISIT,FALSE,NA
18496725,5071259,11742,709678,08.MaoYe <https://github.com/yuany-pku/2017_CSIC5011/blob/master/project2/08.MaoYe_poster.pptx>,709672,02.CaoLo <https://github.com/yuany-pku/2017_CSIC5011/blob/master/project2/02.CaoLo_poster.pdf>,26497064,25232879,709672,709678,2017-11-20 08:53:35 UTC,2017-11-20 08:53:35 UTC,1.134,"",TRUE,f65d5ba581a7cb861083be563619aa18,csic5011-project2,"Mozilla/5.0 (Macintosh; Intel Mac OS X 10_13_1) AppleWebKit/604.3.5 (KHTML, like Gecko) Version/11.0.1 Safari/604.3.5",DIRECT_VISIT,FALSE,NA
18496726,5071259,11742,709680,10.Plantaz <https://github.com/yuany-pku/2017_CSIC5011/blob/master/project2/10.Plantaz_Poster.pdf>,709679,09.MuNam <https://github.com/yuany-pku/2017_CSIC5011/blob/master/project2/09.MuNam_poster.pptx>,26497114,25232881,709679,709680,2017-11-20 08:53:41 UTC,2017-11-20 08:53:41 UTC,1.893,"",FALSE,f65d5ba581a7cb861083be563619aa18,csic5011-project2,"Mozilla/5.0 (Macintosh; Intel Mac OS X 10_13_1) AppleWebKit/604.3.5 (KHTML, like Gecko) Version/11.0.1 Safari/604.3.5",DIRECT_VISIT,FALSE,NA
18496727,5071259,11742,709674,04.GuHuangSun <https://github.com/yuany-pku/2017_CSIC5011/blob/master/project2/03.GuHuangSun_poster.pptx>,709679,09.MuNam <https://github.com/yuany-pku/2017_CSIC5011/blob/master/project2/09.MuNam_poster.pptx>,26497136,25232882,709679,709674,2017-11-20 08:53:42 UTC,2017-11-20 08:53:42 UTC,1.212,"",TRUE,f65d5ba581a7cb861083be563619aa18,csic5011-project2,"Mozilla/5.0 (Macintosh; Intel Mac OS X 10_13_1) AppleWebKit/604.3.5 (KHTML, like Gecko) Version/11.0.1 Safari/604.3.5",DIRECT_VISIT,FALSE,NA
18496728,5071259,11742,709675,05.HanTanYe <https://github.com/yuany-pku/2017_CSIC5011/blob/master/project2/05.HanTanYe_poster.pdf>,709682,"12.Wu, Aoyu <https://github.com/yuany-pku/2017_CSIC5011/blob/master/project2/12.WU_Aoyu_Poster.pptx>",26497038,25232883,709682,709675,2017-11-20 08:53:44 UTC,2017-11-20 08:53:44 UTC,1.004,"",TRUE,f65d5ba581a7cb861083be563619aa18,csic5011-project2,"Mozilla/5.0 (Macintosh; Intel Mac OS X 10_13_1) AppleWebKit/604.3.5 (KHTML, like Gecko) Version/11.0.1 Safari/604.3.5",DIRECT_VISIT,FALSE,NA
18496729,5071260,11742,709676,06.KVZ <https://github.com/yuany-pku/2017_CSIC5011/blob/master/project2/06.KVZ_poster.pdf>,709672,02.CaoLo <https://github.com/yuany-pku/2017_CSIC5011/blob/master/project2/02.CaoLo_poster.pdf>,26497048,25232868,709676,709672,2017-11-20 08:53:44 UTC,2017-11-20 08:53:44 UTC,30.951,"",TRUE,5cabf80d6aeb9855648784d0cc32f701,csic5011-project2,"Mozilla/5.0 (Macintosh; Intel Mac OS X 10_12_5) AppleWebKit/537.36 (KHTML, like Gecko) Chrome/62.0.3202.94 Safari/537.36",DIRECT_VISIT,FALSE,NA
18496730,5071259,11742,709681,11.SiaoLi <https://github.com/yuany-pku/2017_CSIC5011/blob/master/project2/11.SiaoLi_poster.pdf>,709682,"12.Wu, Aoyu <https://github.com/yuany-pku/2017_CSIC5011/blob/master/project2/12.WU_Aoyu_Poster.pptx>",26497015,25232884,709682,709681,2017-11-20 08:53:45 UTC,2017-11-20 08:53:45 UTC,1.004,"",TRUE,f65d5ba581a7cb861083be563619aa18,csic5011-project2,"Mozilla/5.0 (Macintosh; Intel Mac OS X 10_13_1) AppleWebKit/604.3.5 (KHTML, like Gecko) Version/11.0.1 Safari/604.3.5",DIRECT_VISIT,FALSE,NA
18496731,5071259,11742,709676,06.KVZ <https://github.com/yuany-pku/2017_CSIC5011/blob/master/project2/06.KVZ_poster.pdf>,709682,"12.Wu, Aoyu <https://github.com/yuany-pku/2017_CSIC5011/blob/master/project2/12.WU_Aoyu_Poster.pptx>",26497119,25232887,709682,709676,2017-11-20 08:53:51 UTC,2017-11-20 08:53:51 UTC,2.002,"",FALSE,f65d5ba581a7cb861083be563619aa18,csic5011-project2,"Mozilla/5.0 (Macintosh; Intel Mac OS X 10_13_1) AppleWebKit/604.3.5 (KHTML, like Gecko) Version/11.0.1 Safari/604.3.5",DIRECT_VISIT,FALSE,NA
18496732,5071260,11742,709673,03.ChenZeng <https://github.com/yuany-pku/2017_CSIC5011/blob/master/project2/03.ChenZeng_poster.pptx>,709682,"12.Wu, Aoyu <https://github.com/yuany-pku/2017_CSIC5011/blob/master/project2/12.WU_Aoyu_Poster.pptx>",26497072,25232885,709682,709673,2017-11-20 08:53:51 UTC,2017-11-20 08:53:51 UTC,6.337,"",TRUE,5cabf80d6aeb9855648784d0cc32f701,csic5011-project2,"Mozilla/5.0 (Macintosh; Intel Mac OS X 10_12_5) AppleWebKit/537.36 (KHTML, like Gecko) Chrome/62.0.3202.94 Safari/537.36",DIRECT_VISIT,FALSE,NA
18496733,5071259,11742,709680,10.Plantaz <https://github.com/yuany-pku/2017_CSIC5011/blob/master/project2/10.Plantaz_Poster.pdf>,709678,08.MaoYe <https://github.com/yuany-pku/2017_CSIC5011/blob/master/project2/08.MaoYe_poster.pptx>,26497034,25232888,709680,709678,2017-11-20 08:53:53 UTC,2017-11-20 08:53:53 UTC,1.683,"",TRUE,f65d5ba581a7cb861083be563619aa18,csic5011-project2,"Mozilla/5.0 (Macintosh; Intel Mac OS X 10_13_1) AppleWebKit/604.3.5 (KHTML, like Gecko) Version/11.0.1 Safari/604.3.5",DIRECT_VISIT,FALSE,NA
18496734,5071259,11742,709673,03.ChenZeng <https://github.com/yuany-pku/2017_CSIC5011/blob/master/project2/03.ChenZeng_poster.pptx>,709678,08.MaoYe <https://github.com/yuany-pku/2017_CSIC5011/blob/master/project2/08.MaoYe_poster.pptx>,26497134,25232891,709673,709678,2017-11-20 08:54:00 UTC,2017-11-20 08:54:00 UTC,3.546,"",FALSE,f65d5ba581a7cb861083be563619aa18,csic5011-project2,"Mozilla/5.0 (Macintosh; Intel Mac OS X 10_13_1) AppleWebKit/604.3.5 (KHTML, like Gecko) Version/11.0.1 Safari/604.3.5",DIRECT_VISIT,FALSE,NA
18496735,5071259,11742,709678,08.MaoYe <https://github.com/yuany-pku/2017_CSIC5011/blob/master/project2/08.MaoYe_poster.pptx>,709676,06.KVZ <https://github.com/yuany-pku/2017_CSIC5011/blob/master/project2/06.KVZ_poster.pdf>,26497094,25232892,709676,709678,2017-11-20 08:54:02 UTC,2017-11-20 08:54:02 UTC,1.758,"",TRUE,f65d5ba581a7cb861083be563619aa18,csic5011-project2,"Mozilla/5.0 (Macintosh; Intel Mac OS X 10_13_1) AppleWebKit/604.3.5 (KHTML, like Gecko) Version/11.0.1 Safari/604.3.5",DIRECT_VISIT,FALSE,NA
18496736,5071260,11742,709681,11.SiaoLi <https://github.com/yuany-pku/2017_CSIC5011/blob/master/project2/11.SiaoLi_poster.pdf>,709671,"01.Bu, Qi <https://github.com/yuany-pku/2017_CSIC5011/blob/master/project2/01.Bu_poster.pdf>",26497045,25232889,709681,709671,2017-11-20 08:54:03 UTC,2017-11-20 08:54:03 UTC,10.58,"",TRUE,5cabf80d6aeb9855648784d0cc32f701,csic5011-project2,"Mozilla/5.0 (Macintosh; Intel Mac OS X 10_12_5) AppleWebKit/537.36 (KHTML, like Gecko) Chrome/62.0.3202.94 Safari/537.36",DIRECT_VISIT,FALSE,NA
18496737,5071259,11742,709677,"07.Li, Yan Chak <https://github.com/yuany-pku/2017_CSIC5011/blob/master/project2/07.Li_poster.pdf>",709674,04.GuHuangSun <https://github.com/yuany-pku/2017_CSIC5011/blob/master/project2/03.GuHuangSun_poster.pptx>,26497062,25232893,709674,709677,2017-11-20 08:54:04 UTC,2017-11-20 08:54:04 UTC,1.118,"",TRUE,f65d5ba581a7cb861083be563619aa18,csic5011-project2,"Mozilla/5.0 (Macintosh; Intel Mac OS X 10_13_1) AppleWebKit/604.3.5 (KHTML, like Gecko) Version/11.0.1 Safari/604.3.5",DIRECT_VISIT,FALSE,NA
18496738,5071259,11742,709678,08.MaoYe <https://github.com/yuany-pku/2017_CSIC5011/blob/master/project2/08.MaoYe_poster.pptx>,709682,"12.Wu, Aoyu <https://github.com/yuany-pku/2017_CSIC5011/blob/master/project2/12.WU_Aoyu_Poster.pptx>",26497027,25232895,709678,709682,2017-11-20 08:54:06 UTC,2017-11-20 08:54:06 UTC,1.441,"",TRUE,f65d5ba581a7cb861083be563619aa18,csic5011-project2,"Mozilla/5.0 (Macintosh; Intel Mac OS X 10_13_1) AppleWebKit/604.3.5 (KHTML, like Gecko) Version/11.0.1 Safari/604.3.5",DIRECT_VISIT,FALSE,NA
18496739,5071259,11742,709671,"01.Bu, Qi <https://github.com/yuany-pku/2017_CSIC5011/blob/master/project2/01.Bu_poster.pdf>",709677,"07.Li, Yan Chak <https://github.com/yuany-pku/2017_CSIC5011/blob/master/project2/07.Li_poster.pdf>",26497074,25232896,709671,709677,2017-11-20 08:54:07 UTC,2017-11-20 08:54:07 UTC,1.35,"",TRUE,f65d5ba581a7cb861083be563619aa18,csic5011-project2,"Mozilla/5.0 (Macintosh; Intel Mac OS X 10_13_1) AppleWebKit/604.3.5 (KHTML, like Gecko) Version/11.0.1 Safari/604.3.5",DIRECT_VISIT,FALSE,NA
18496740,5071260,11742,709674,04.GuHuangSun <https://github.com/yuany-pku/2017_CSIC5011/blob/master/project2/03.GuHuangSun_poster.pptx>,709681,11.SiaoLi <https://github.com/yuany-pku/2017_CSIC5011/blob/master/project2/11.SiaoLi_poster.pdf>,26497067,25232894,709674,709681,2017-11-20 08:54:13 UTC,2017-11-20 08:54:13 UTC,9.997,"",TRUE,5cabf80d6aeb9855648784d0cc32f701,csic5011-project2,"Mozilla/5.0 (Macintosh; Intel Mac OS X 10_12_5) AppleWebKit/537.36 (KHTML, like Gecko) Chrome/62.0.3202.94 Safari/537.36",DIRECT_VISIT,FALSE,NA
18496741,5071260,11742,709680,10.Plantaz <https://github.com/yuany-pku/2017_CSIC5011/blob/master/project2/10.Plantaz_Poster.pdf>,709673,03.ChenZeng <https://github.com/yuany-pku/2017_CSIC5011/blob/master/project2/03.ChenZeng_poster.pptx>,26497105,25232899,709680,709673,2017-11-20 08:54:17 UTC,2017-11-20 08:54:17 UTC,1.524,"",TRUE,5cabf80d6aeb9855648784d0cc32f701,csic5011-project2,"Mozilla/5.0 (Macintosh; Intel Mac OS X 10_12_5) AppleWebKit/537.36 (KHTML, like Gecko) Chrome/62.0.3202.94 Safari/537.36",DIRECT_VISIT,FALSE,NA
18496742,5071259,11742,709673,03.ChenZeng <https://github.com/yuany-pku/2017_CSIC5011/blob/master/project2/03.ChenZeng_poster.pptx>,709674,04.GuHuangSun <https://github.com/yuany-pku/2017_CSIC5011/blob/master/project2/03.GuHuangSun_poster.pptx>,26497099,25232898,709674,709673,2017-11-20 08:54:19 UTC,2017-11-20 08:54:19 UTC,8.171,"",FALSE,f65d5ba581a7cb861083be563619aa18,csic5011-project2,"Mozilla/5.0 (Macintosh; Intel Mac OS X 10_13_1) AppleWebKit/604.3.5 (KHTML, like Gecko) Version/11.0.1 Safari/604.3.5",DIRECT_VISIT,FALSE,NA
18496743,5071259,11742,709678,08.MaoYe <https://github.com/yuany-pku/2017_CSIC5011/blob/master/project2/08.MaoYe_poster.pptx>,709671,"01.Bu, Qi <https://github.com/yuany-pku/2017_CSIC5011/blob/master/project2/01.Bu_poster.pdf>",26497085,25232901,709671,709678,2017-11-20 08:54:25 UTC,2017-11-20 08:54:25 UTC,5.254,"",TRUE,f65d5ba581a7cb861083be563619aa18,csic5011-project2,"Mozilla/5.0 (Macintosh; Intel Mac OS X 10_13_1) AppleWebKit/604.3.5 (KHTML, like Gecko) Version/11.0.1 Safari/604.3.5",DIRECT_VISIT,FALSE,NA
18496744,5071260,11742,709674,04.GuHuangSun <https://github.com/yuany-pku/2017_CSIC5011/blob/master/project2/03.GuHuangSun_poster.pptx>,709678,08.MaoYe <https://github.com/yuany-pku/2017_CSIC5011/blob/master/project2/08.MaoYe_poster.pptx>,26497144,25232900,709674,709678,2017-11-20 08:54:49 UTC,2017-11-20 08:54:49 UTC,31.455,"",TRUE,5cabf80d6aeb9855648784d0cc32f701,csic5011-project2,"Mozilla/5.0 (Macintosh; Intel Mac OS X 10_12_5) AppleWebKit/537.36 (KHTML, like Gecko) Chrome/62.0.3202.94 Safari/537.36",DIRECT_VISIT,FALSE,NA
18496745,5071260,11742,709674,04.GuHuangSun <https://github.com/yuany-pku/2017_CSIC5011/blob/master/project2/03.GuHuangSun_poster.pptx>,709671,"01.Bu, Qi <https://github.com/yuany-pku/2017_CSIC5011/blob/master/project2/01.Bu_poster.pdf>",26497115,25232903,709671,709674,2017-11-20 08:54:53 UTC,2017-11-20 08:54:53 UTC,3.413,"",TRUE,5cabf80d6aeb9855648784d0cc32f701,csic5011-project2,"Mozilla/5.0 (Macintosh; Intel Mac OS X 10_12_5) AppleWebKit/537.36 (KHTML, like Gecko) Chrome/62.0.3202.94 Safari/537.36",DIRECT_VISIT,FALSE,NA
18496746,5071260,11742,709672,02.CaoLo <https://github.com/yuany-pku/2017_CSIC5011/blob/master/project2/02.CaoLo_poster.pdf>,709678,08.MaoYe <https://github.com/yuany-pku/2017_CSIC5011/blob/master/project2/08.MaoYe_poster.pptx>,26497086,25232904,709678,709672,2017-11-20 08:54:57 UTC,2017-11-20 08:54:57 UTC,2.298,"",TRUE,5cabf80d6aeb9855648784d0cc32f701,csic5011-project2,"Mozilla/5.0 (Macintosh; Intel Mac OS X 10_12_5) AppleWebKit/537.36 (KHTML, like Gecko) Chrome/62.0.3202.94 Safari/537.36",DIRECT_VISIT,FALSE,NA
18496747,5071260,11742,709675,05.HanTanYe <https://github.com/yuany-pku/2017_CSIC5011/blob/master/project2/05.HanTanYe_poster.pdf>,709672,02.CaoLo <https://github.com/yuany-pku/2017_CSIC5011/blob/master/project2/02.CaoLo_poster.pdf>,26497096,25232905,709672,709675,2017-11-20 08:55:12 UTC,2017-11-20 08:55:12 UTC,14.958,"",TRUE,5cabf80d6aeb9855648784d0cc32f701,csic5011-project2,"Mozilla/5.0 (Macintosh; Intel Mac OS X 10_12_5) AppleWebKit/537.36 (KHTML, like Gecko) Chrome/62.0.3202.94 Safari/537.36",DIRECT_VISIT,FALSE,NA
18496748,5071260,11742,709673,03.ChenZeng <https://github.com/yuany-pku/2017_CSIC5011/blob/master/project2/03.ChenZeng_poster.pptx>,709672,02.CaoLo <https://github.com/yuany-pku/2017_CSIC5011/blob/master/project2/02.CaoLo_poster.pdf>,26497101,25232906,709672,709673,2017-11-20 08:55:16 UTC,2017-11-20 08:55:16 UTC,2.961,"",TRUE,5cabf80d6aeb9855648784d0cc32f701,csic5011-project2,"Mozilla/5.0 (Macintosh; Intel Mac OS X 10_12_5) AppleWebKit/537.36 (KHTML, like Gecko) Chrome/62.0.3202.94 Safari/537.36",DIRECT_VISIT,FALSE,NA
18496749,5071260,11742,709677,"07.Li, Yan Chak <https://github.com/yuany-pku/2017_CSIC5011/blob/master/project2/07.Li_poster.pdf>",709675,05.HanTanYe <https://github.com/yuany-pku/2017_CSIC5011/blob/master/project2/05.HanTanYe_poster.pdf>,26497021,25232907,709675,709677,2017-11-20 08:55:19 UTC,2017-11-20 08:55:19 UTC,1.643,"",TRUE,5cabf80d6aeb9855648784d0cc32f701,csic5011-project2,"Mozilla/5.0 (Macintosh; Intel Mac OS X 10_12_5) AppleWebKit/537.36 (KHTML, like Gecko) Chrome/62.0.3202.94 Safari/537.36",DIRECT_VISIT,FALSE,NA
18496750,5071260,11742,709677,"07.Li, Yan Chak <https://github.com/yuany-pku/2017_CSIC5011/blob/master/project2/07.Li_poster.pdf>",709682,"12.Wu, Aoyu <https://github.com/yuany-pku/2017_CSIC5011/blob/master/project2/12.WU_Aoyu_Poster.pptx>",26497020,25232908,709677,709682,2017-11-20 08:55:21 UTC,2017-11-20 08:55:21 UTC,1.725,"",TRUE,5cabf80d6aeb9855648784d0cc32f701,csic5011-project2,"Mozilla/5.0 (Macintosh; Intel Mac OS X 10_12_5) AppleWebKit/537.36 (KHTML, like Gecko) Chrome/62.0.3202.94 Safari/537.36",DIRECT_VISIT,FALSE,NA
18496751,5071260,11742,709674,04.GuHuangSun <https://github.com/yuany-pku/2017_CSIC5011/blob/master/project2/03.GuHuangSun_poster.pptx>,709671,"01.Bu, Qi <https://github.com/yuany-pku/2017_CSIC5011/blob/master/project2/01.Bu_poster.pdf>",26497071,25232910,709674,709671,2017-11-20 08:56:01 UTC,2017-11-20 08:56:01 UTC,34.622,"",FALSE,5cabf80d6aeb9855648784d0cc32f701,csic5011-project2,"Mozilla/5.0 (Macintosh; Intel Mac OS X 10_12_5) AppleWebKit/537.36 (KHTML, like Gecko) Chrome/62.0.3202.94 Safari/537.36",DIRECT_VISIT,FALSE,NA
18496752,5071260,11742,709673,03.ChenZeng <https://github.com/yuany-pku/2017_CSIC5011/blob/master/project2/03.ChenZeng_poster.pptx>,709671,"01.Bu, Qi <https://github.com/yuany-pku/2017_CSIC5011/blob/master/project2/01.Bu_poster.pdf>",26497044,25232912,709673,709671,2017-11-20 08:56:05 UTC,2017-11-20 08:56:05 UTC,1.937,"",TRUE,5cabf80d6aeb9855648784d0cc32f701,csic5011-project2,"Mozilla/5.0 (Macintosh; Intel Mac OS X 10_12_5) AppleWebKit/537.36 (KHTML, like Gecko) Chrome/62.0.3202.94 Safari/537.36",DIRECT_VISIT,FALSE,NA
18496753,5071260,11742,709678,08.MaoYe <https://github.com/yuany-pku/2017_CSIC5011/blob/master/project2/08.MaoYe_poster.pptx>,709671,"01.Bu, Qi <https://github.com/yuany-pku/2017_CSIC5011/blob/master/project2/01.Bu_poster.pdf>",26497040,25232913,709678,709671,2017-11-20 08:56:08 UTC,2017-11-20 08:56:08 UTC,2.604,"",TRUE,5cabf80d6aeb9855648784d0cc32f701,csic5011-project2,"Mozilla/5.0 (Macintosh; Intel Mac OS X 10_12_5) AppleWebKit/537.36 (KHTML, like Gecko) Chrome/62.0.3202.94 Safari/537.36",DIRECT_VISIT,FALSE,NA
18496754,5071260,11742,709680,10.Plantaz <https://github.com/yuany-pku/2017_CSIC5011/blob/master/project2/10.Plantaz_Poster.pdf>,709678,08.MaoYe <https://github.com/yuany-pku/2017_CSIC5011/blob/master/project2/08.MaoYe_poster.pptx>,26497125,25232914,709678,709680,2017-11-20 08:56:13 UTC,2017-11-20 08:56:13 UTC,1.484,"",TRUE,5cabf80d6aeb9855648784d0cc32f701,csic5011-project2,"Mozilla/5.0 (Macintosh; Intel Mac OS X 10_12_5) AppleWebKit/537.36 (KHTML, like Gecko) Chrome/62.0.3202.94 Safari/537.36",DIRECT_VISIT,FALSE,NA
18496755,5071260,11742,709675,05.HanTanYe <https://github.com/yuany-pku/2017_CSIC5011/blob/master/project2/05.HanTanYe_poster.pdf>,709682,"12.Wu, Aoyu <https://github.com/yuany-pku/2017_CSIC5011/blob/master/project2/12.WU_Aoyu_Poster.pptx>",26497083,25232915,709675,709682,2017-11-20 08:56:16 UTC,2017-11-20 08:56:16 UTC,3.181,"",TRUE,5cabf80d6aeb9855648784d0cc32f701,csic5011-project2,"Mozilla/5.0 (Macintosh; Intel Mac OS X 10_12_5) AppleWebKit/537.36 (KHTML, like Gecko) Chrome/62.0.3202.94 Safari/537.36",DIRECT_VISIT,FALSE,NA
18496756,5071260,11742,709682,"12.Wu, Aoyu <https://github.com/yuany-pku/2017_CSIC5011/blob/master/project2/12.WU_Aoyu_Poster.pptx>",709681,11.SiaoLi <https://github.com/yuany-pku/2017_CSIC5011/blob/master/project2/11.SiaoLi_poster.pdf>,26497041,25232916,709681,709682,2017-11-20 08:56:32 UTC,2017-11-20 08:56:32 UTC,13.93,"",TRUE,5cabf80d6aeb9855648784d0cc32f701,csic5011-project2,"Mozilla/5.0 (Macintosh; Intel Mac OS X 10_12_5) AppleWebKit/537.36 (KHTML, like Gecko) Chrome/62.0.3202.94 Safari/537.36",DIRECT_VISIT,FALSE,NA
18496757,5071260,11742,709672,02.CaoLo <https://github.com/yuany-pku/2017_CSIC5011/blob/master/project2/02.CaoLo_poster.pdf>,709678,08.MaoYe <https://github.com/yuany-pku/2017_CSIC5011/blob/master/project2/08.MaoYe_poster.pptx>,26497086,25232918,709678,709672,2017-11-20 08:56:44 UTC,2017-11-20 08:56:44 UTC,11.396,"",TRUE,5cabf80d6aeb9855648784d0cc32f701,csic5011-project2,"Mozilla/5.0 (Macintosh; Intel Mac OS X 10_12_5) AppleWebKit/537.36 (KHTML, like Gecko) Chrome/62.0.3202.94 Safari/537.36",DIRECT_VISIT,FALSE,NA
18496758,5071260,11742,709673,03.ChenZeng <https://github.com/yuany-pku/2017_CSIC5011/blob/master/project2/03.ChenZeng_poster.pptx>,709672,02.CaoLo <https://github.com/yuany-pku/2017_CSIC5011/blob/master/project2/02.CaoLo_poster.pdf>,26497101,25232919,709672,709673,2017-11-20 08:56:48 UTC,2017-11-20 08:56:48 UTC,2.465,"",TRUE,5cabf80d6aeb9855648784d0cc32f701,csic5011-project2,"Mozilla/5.0 (Macintosh; Intel Mac OS X 10_12_5) AppleWebKit/537.36 (KHTML, like Gecko) Chrome/62.0.3202.94 Safari/537.36",DIRECT_VISIT,FALSE,NA
18496759,5071260,11742,709677,"07.Li, Yan Chak <https://github.com/yuany-pku/2017_CSIC5011/blob/master/project2/07.Li_poster.pdf>",709672,02.CaoLo <https://github.com/yuany-pku/2017_CSIC5011/blob/master/project2/02.CaoLo_poster.pdf>,26497093,25232920,709677,709672,2017-11-20 08:56:51 UTC,2017-11-20 08:56:51 UTC,1.927,"",TRUE,5cabf80d6aeb9855648784d0cc32f701,csic5011-project2,"Mozilla/5.0 (Macintosh; Intel Mac OS X 10_12_5) AppleWebKit/537.36 (KHTML, like Gecko) Chrome/62.0.3202.94 Safari/537.36",DIRECT_VISIT,FALSE,NA
18496760,5071260,11742,709674,04.GuHuangSun <https://github.com/yuany-pku/2017_CSIC5011/blob/master/project2/03.GuHuangSun_poster.pptx>,709682,"12.Wu, Aoyu <https://github.com/yuany-pku/2017_CSIC5011/blob/master/project2/12.WU_Aoyu_Poster.pptx>",26497124,25232922,709682,709674,2017-11-20 08:57:10 UTC,2017-11-20 08:57:10 UTC,13.426,"",FALSE,5cabf80d6aeb9855648784d0cc32f701,csic5011-project2,"Mozilla/5.0 (Macintosh; Intel Mac OS X 10_12_5) AppleWebKit/537.36 (KHTML, like Gecko) Chrome/62.0.3202.94 Safari/537.36",DIRECT_VISIT,FALSE,NA
18499840,5071462,11742,709675,05.HanTanYe <https://github.com/yuany-pku/2017_CSIC5011/blob/master/project2/05.HanTanYe_poster.pdf>,709676,06.KVZ <https://github.com/yuany-pku/2017_CSIC5011/blob/master/project2/06.KVZ_poster.pdf>,26497039,25236252,709675,709676,2017-11-20 14:43:57 UTC,2017-11-20 14:43:57 UTC,4.948,"",TRUE,56db7f7861922d76cac4667eadc83147,csic5011-project2,"Mozilla/5.0 (Macintosh; Intel Mac OS X 10_12_5) AppleWebKit/537.36 (KHTML, like Gecko) Chrome/61.0.3163.100 Safari/537.36",http://math.stanford.edu/~yuany/course/2017.fall/,FALSE,NA
18499841,5071462,11742,709680,10.Plantaz <https://github.com/yuany-pku/2017_CSIC5011/blob/master/project2/10.Plantaz_Poster.pdf>,709675,05.HanTanYe <https://github.com/yuany-pku/2017_CSIC5011/blob/master/project2/05.HanTanYe_poster.pdf>,26497063,25236253,709675,709680,2017-11-20 14:44:00 UTC,2017-11-20 14:44:00 UTC,2.291,"",TRUE,56db7f7861922d76cac4667eadc83147,csic5011-project2,"Mozilla/5.0 (Macintosh; Intel Mac OS X 10_12_5) AppleWebKit/537.36 (KHTML, like Gecko) Chrome/61.0.3163.100 Safari/537.36",http://math.stanford.edu/~yuany/course/2017.fall/,FALSE,NA
18499842,5071462,11742,709674,04.GuHuangSun <https://github.com/yuany-pku/2017_CSIC5011/blob/master/project2/03.GuHuangSun_poster.pptx>,709682,"12.Wu, Aoyu <https://github.com/yuany-pku/2017_CSIC5011/blob/master/project2/12.WU_Aoyu_Poster.pptx>",26497124,25236254,709682,709674,2017-11-20 14:44:44 UTC,2017-11-20 14:44:44 UTC,41.733,"",TRUE,56db7f7861922d76cac4667eadc83147,csic5011-project2,"Mozilla/5.0 (Macintosh; Intel Mac OS X 10_12_5) AppleWebKit/537.36 (KHTML, like Gecko) Chrome/61.0.3163.100 Safari/537.36",http://math.stanford.edu/~yuany/course/2017.fall/,FALSE,NA
18499843,5071462,11742,709672,02.CaoLo <https://github.com/yuany-pku/2017_CSIC5011/blob/master/project2/02.CaoLo_poster.pdf>,709674,04.GuHuangSun <https://github.com/yuany-pku/2017_CSIC5011/blob/master/project2/03.GuHuangSun_poster.pptx>,26497126,25236255,709674,709672,2017-11-20 14:44:49 UTC,2017-11-20 14:44:49 UTC,3.612,"",TRUE,56db7f7861922d76cac4667eadc83147,csic5011-project2,"Mozilla/5.0 (Macintosh; Intel Mac OS X 10_12_5) AppleWebKit/537.36 (KHTML, like Gecko) Chrome/61.0.3163.100 Safari/537.36",http://math.stanford.edu/~yuany/course/2017.fall/,FALSE,NA
18499848,5071462,11742,709681,11.SiaoLi <https://github.com/yuany-pku/2017_CSIC5011/blob/master/project2/11.SiaoLi_poster.pdf>,709677,"07.Li, Yan Chak <https://github.com/yuany-pku/2017_CSIC5011/blob/master/project2/07.Li_poster.pdf>",26497069,25236257,709681,709677,2017-11-20 14:45:02 UTC,2017-11-20 14:45:02 UTC,10.883,"",TRUE,56db7f7861922d76cac4667eadc83147,csic5011-project2,"Mozilla/5.0 (Macintosh; Intel Mac OS X 10_12_5) AppleWebKit/537.36 (KHTML, like Gecko) Chrome/61.0.3163.100 Safari/537.36",http://math.stanford.edu/~yuany/course/2017.fall/,FALSE,NA
18499849,5071462,11742,709676,06.KVZ <https://github.com/yuany-pku/2017_CSIC5011/blob/master/project2/06.KVZ_poster.pdf>,709677,"07.Li, Yan Chak <https://github.com/yuany-pku/2017_CSIC5011/blob/master/project2/07.Li_poster.pdf>",26497047,25236262,709677,709676,2017-11-20 14:45:05 UTC,2017-11-20 14:45:05 UTC,1.931,"",TRUE,56db7f7861922d76cac4667eadc83147,csic5011-project2,"Mozilla/5.0 (Macintosh; Intel Mac OS X 10_12_5) AppleWebKit/537.36 (KHTML, like Gecko) Chrome/61.0.3163.100 Safari/537.36",http://math.stanford.edu/~yuany/course/2017.fall/,FALSE,NA
18499850,5071462,11742,709675,05.HanTanYe <https://github.com/yuany-pku/2017_CSIC5011/blob/master/project2/05.HanTanYe_poster.pdf>,709677,"07.Li, Yan Chak <https://github.com/yuany-pku/2017_CSIC5011/blob/master/project2/07.Li_poster.pdf>",26497059,25236263,709677,709675,2017-11-20 14:45:11 UTC,2017-11-20 14:45:11 UTC,4.617,"",TRUE,56db7f7861922d76cac4667eadc83147,csic5011-project2,"Mozilla/5.0 (Macintosh; Intel Mac OS X 10_12_5) AppleWebKit/537.36 (KHTML, like Gecko) Chrome/61.0.3163.100 Safari/537.36",http://math.stanford.edu/~yuany/course/2017.fall/,FALSE,NA
18499852,5071462,11742,709672,02.CaoLo <https://github.com/yuany-pku/2017_CSIC5011/blob/master/project2/02.CaoLo_poster.pdf>,709675,05.HanTanYe <https://github.com/yuany-pku/2017_CSIC5011/blob/master/project2/05.HanTanYe_poster.pdf>,26497096,25236264,709672,709675,2017-11-20 14:45:18 UTC,2017-11-20 14:45:18 UTC,6.058,"",TRUE,56db7f7861922d76cac4667eadc83147,csic5011-project2,"Mozilla/5.0 (Macintosh; Intel Mac OS X 10_12_5) AppleWebKit/537.36 (KHTML, like Gecko) Chrome/61.0.3163.100 Safari/537.36",http://math.stanford.edu/~yuany/course/2017.fall/,FALSE,NA
18499855,5071462,11742,709675,05.HanTanYe <https://github.com/yuany-pku/2017_CSIC5011/blob/master/project2/05.HanTanYe_poster.pdf>,709678,08.MaoYe <https://github.com/yuany-pku/2017_CSIC5011/blob/master/project2/08.MaoYe_poster.pptx>,26497056,25236266,709675,709678,2017-11-20 14:45:21 UTC,2017-11-20 14:45:21 UTC,2.168,"",TRUE,56db7f7861922d76cac4667eadc83147,csic5011-project2,"Mozilla/5.0 (Macintosh; Intel Mac OS X 10_12_5) AppleWebKit/537.36 (KHTML, like Gecko) Chrome/61.0.3163.100 Safari/537.36",http://math.stanford.edu/~yuany/course/2017.fall/,FALSE,NA
18499857,5071462,11742,709673,03.ChenZeng <https://github.com/yuany-pku/2017_CSIC5011/blob/master/project2/03.ChenZeng_poster.pptx>,709675,05.HanTanYe <https://github.com/yuany-pku/2017_CSIC5011/blob/master/project2/05.HanTanYe_poster.pdf>,26497120,25236269,709675,709673,2017-11-20 14:45:24 UTC,2017-11-20 14:45:24 UTC,2.511,"",TRUE,56db7f7861922d76cac4667eadc83147,csic5011-project2,"Mozilla/5.0 (Macintosh; Intel Mac OS X 10_12_5) AppleWebKit/537.36 (KHTML, like Gecko) Chrome/61.0.3163.100 Safari/537.36",http://math.stanford.edu/~yuany/course/2017.fall/,FALSE,NA
18499862,5071462,11742,709675,05.HanTanYe <https://github.com/yuany-pku/2017_CSIC5011/blob/master/project2/05.HanTanYe_poster.pdf>,709682,"12.Wu, Aoyu <https://github.com/yuany-pku/2017_CSIC5011/blob/master/project2/12.WU_Aoyu_Poster.pptx>",26497083,25236271,709675,709682,2017-11-20 14:45:33 UTC,2017-11-20 14:45:33 UTC,7.731,"",TRUE,56db7f7861922d76cac4667eadc83147,csic5011-project2,"Mozilla/5.0 (Macintosh; Intel Mac OS X 10_12_5) AppleWebKit/537.36 (KHTML, like Gecko) Chrome/61.0.3163.100 Safari/537.36",http://math.stanford.edu/~yuany/course/2017.fall/,FALSE,NA
18499866,5071462,11742,709672,02.CaoLo <https://github.com/yuany-pku/2017_CSIC5011/blob/master/project2/02.CaoLo_poster.pdf>,709676,06.KVZ <https://github.com/yuany-pku/2017_CSIC5011/blob/master/project2/06.KVZ_poster.pdf>,26497048,25236276,709676,709672,2017-11-20 14:45:40 UTC,2017-11-20 14:45:40 UTC,6.573,"",TRUE,56db7f7861922d76cac4667eadc83147,csic5011-project2,"Mozilla/5.0 (Macintosh; Intel Mac OS X 10_12_5) AppleWebKit/537.36 (KHTML, like Gecko) Chrome/61.0.3163.100 Safari/537.36",http://math.stanford.edu/~yuany/course/2017.fall/,FALSE,NA
18499871,5071462,11742,709676,06.KVZ <https://github.com/yuany-pku/2017_CSIC5011/blob/master/project2/06.KVZ_poster.pdf>,709671,"01.Bu, Qi <https://github.com/yuany-pku/2017_CSIC5011/blob/master/project2/01.Bu_poster.pdf>",26497102,25236284,709671,709676,2017-11-20 14:45:54 UTC,2017-11-20 14:45:54 UTC,3.216,"",FALSE,56db7f7861922d76cac4667eadc83147,csic5011-project2,"Mozilla/5.0 (Macintosh; Intel Mac OS X 10_12_5) AppleWebKit/537.36 (KHTML, like Gecko) Chrome/61.0.3163.100 Safari/537.36",http://math.stanford.edu/~yuany/course/2017.fall/,FALSE,NA
18499876,5071462,11742,709678,08.MaoYe <https://github.com/yuany-pku/2017_CSIC5011/blob/master/project2/08.MaoYe_poster.pptx>,709676,06.KVZ <https://github.com/yuany-pku/2017_CSIC5011/blob/master/project2/06.KVZ_poster.pdf>,26497019,25236286,709678,709676,2017-11-20 14:46:05 UTC,2017-11-20 14:46:05 UTC,9.37,"",TRUE,56db7f7861922d76cac4667eadc83147,csic5011-project2,"Mozilla/5.0 (Macintosh; Intel Mac OS X 10_12_5) AppleWebKit/537.36 (KHTML, like Gecko) Chrome/61.0.3163.100 Safari/537.36",http://math.stanford.edu/~yuany/course/2017.fall/,FALSE,NA
18499878,5071462,11742,709672,02.CaoLo <https://github.com/yuany-pku/2017_CSIC5011/blob/master/project2/02.CaoLo_poster.pdf>,709677,"07.Li, Yan Chak <https://github.com/yuany-pku/2017_CSIC5011/blob/master/project2/07.Li_poster.pdf>",26497093,25236292,709677,709672,2017-11-20 14:46:08 UTC,2017-11-20 14:46:08 UTC,1.633,"",TRUE,56db7f7861922d76cac4667eadc83147,csic5011-project2,"Mozilla/5.0 (Macintosh; Intel Mac OS X 10_12_5) AppleWebKit/537.36 (KHTML, like Gecko) Chrome/61.0.3163.100 Safari/537.36",http://math.stanford.edu/~yuany/course/2017.fall/,FALSE,NA
18499881,5071462,11742,709679,09.MuNam <https://github.com/yuany-pku/2017_CSIC5011/blob/master/project2/09.MuNam_poster.pptx>,709680,10.Plantaz <https://github.com/yuany-pku/2017_CSIC5011/blob/master/project2/10.Plantaz_Poster.pdf>,26497114,25236294,709679,709680,2017-11-20 14:46:12 UTC,2017-11-20 14:46:12 UTC,2.207,"",TRUE,56db7f7861922d76cac4667eadc83147,csic5011-project2,"Mozilla/5.0 (Macintosh; Intel Mac OS X 10_12_5) AppleWebKit/537.36 (KHTML, like Gecko) Chrome/61.0.3163.100 Safari/537.36",http://math.stanford.edu/~yuany/course/2017.fall/,FALSE,NA
18499883,5071462,11742,709680,10.Plantaz <https://github.com/yuany-pku/2017_CSIC5011/blob/master/project2/10.Plantaz_Poster.pdf>,709678,08.MaoYe <https://github.com/yuany-pku/2017_CSIC5011/blob/master/project2/08.MaoYe_poster.pptx>,26497125,25236297,709678,709680,2017-11-20 14:46:15 UTC,2017-11-20 14:46:15 UTC,1.924,"",TRUE,56db7f7861922d76cac4667eadc83147,csic5011-project2,"Mozilla/5.0 (Macintosh; Intel Mac OS X 10_12_5) AppleWebKit/537.36 (KHTML, like Gecko) Chrome/61.0.3163.100 Safari/537.36",http://math.stanford.edu/~yuany/course/2017.fall/,FALSE,NA
18499886,5071462,11742,709674,04.GuHuangSun <https://github.com/yuany-pku/2017_CSIC5011/blob/master/project2/03.GuHuangSun_poster.pptx>,709671,"01.Bu, Qi <https://github.com/yuany-pku/2017_CSIC5011/blob/master/project2/01.Bu_poster.pdf>",26497071,25236299,709674,709671,2017-11-20 14:46:18 UTC,2017-11-20 14:46:18 UTC,2.209,"",TRUE,56db7f7861922d76cac4667eadc83147,csic5011-project2,"Mozilla/5.0 (Macintosh; Intel Mac OS X 10_12_5) AppleWebKit/537.36 (KHTML, like Gecko) Chrome/61.0.3163.100 Safari/537.36",http://math.stanford.edu/~yuany/course/2017.fall/,FALSE,NA
18499890,5071462,11742,709680,10.Plantaz <https://github.com/yuany-pku/2017_CSIC5011/blob/master/project2/10.Plantaz_Poster.pdf>,709681,11.SiaoLi <https://github.com/yuany-pku/2017_CSIC5011/blob/master/project2/11.SiaoLi_poster.pdf>,26497077,25236302,709681,709680,2017-11-20 14:46:22 UTC,2017-11-20 14:46:22 UTC,3.149,"",TRUE,56db7f7861922d76cac4667eadc83147,csic5011-project2,"Mozilla/5.0 (Macintosh; Intel Mac OS X 10_12_5) AppleWebKit/537.36 (KHTML, like Gecko) Chrome/61.0.3163.100 Safari/537.36",http://math.stanford.edu/~yuany/course/2017.fall/,FALSE,NA
18499892,5071462,11742,709679,09.MuNam <https://github.com/yuany-pku/2017_CSIC5011/blob/master/project2/09.MuNam_poster.pptx>,709680,10.Plantaz <https://github.com/yuany-pku/2017_CSIC5011/blob/master/project2/10.Plantaz_Poster.pdf>,26497070,25236306,709680,709679,2017-11-20 14:46:24 UTC,2017-11-20 14:46:24 UTC,1.388,"",TRUE,56db7f7861922d76cac4667eadc83147,csic5011-project2,"Mozilla/5.0 (Macintosh; Intel Mac OS X 10_12_5) AppleWebKit/537.36 (KHTML, like Gecko) Chrome/61.0.3163.100 Safari/537.36",http://math.stanford.edu/~yuany/course/2017.fall/,FALSE,NA
18499902,5071462,11742,709680,10.Plantaz <https://github.com/yuany-pku/2017_CSIC5011/blob/master/project2/10.Plantaz_Poster.pdf>,709676,06.KVZ <https://github.com/yuany-pku/2017_CSIC5011/blob/master/project2/06.KVZ_poster.pdf>,26497116,25236308,709676,709680,2017-11-20 14:49:25 UTC,2017-11-20 14:49:25 UTC,180.512,"",TRUE,56db7f7861922d76cac4667eadc83147,csic5011-project2,"Mozilla/5.0 (Macintosh; Intel Mac OS X 10_12_5) AppleWebKit/537.36 (KHTML, like Gecko) Chrome/61.0.3163.100 Safari/537.36",http://math.stanford.edu/~yuany/course/2017.fall/,FALSE,NA
18499903,5071462,11742,709682,"12.Wu, Aoyu <https://github.com/yuany-pku/2017_CSIC5011/blob/master/project2/12.WU_Aoyu_Poster.pptx>",709681,11.SiaoLi <https://github.com/yuany-pku/2017_CSIC5011/blob/master/project2/11.SiaoLi_poster.pdf>,26497041,25236319,709681,709682,2017-11-20 14:49:33 UTC,2017-11-20 14:49:33 UTC,7.299,"",TRUE,56db7f7861922d76cac4667eadc83147,csic5011-project2,"Mozilla/5.0 (Macintosh; Intel Mac OS X 10_12_5) AppleWebKit/537.36 (KHTML, like Gecko) Chrome/61.0.3163.100 Safari/537.36",http://math.stanford.edu/~yuany/course/2017.fall/,FALSE,NA
18499904,5071462,11742,709672,02.CaoLo <https://github.com/yuany-pku/2017_CSIC5011/blob/master/project2/02.CaoLo_poster.pdf>,709677,"07.Li, Yan Chak <https://github.com/yuany-pku/2017_CSIC5011/blob/master/project2/07.Li_poster.pdf>",26497138,25236320,709672,709677,2017-11-20 14:49:35 UTC,2017-11-20 14:49:35 UTC,2.07,"",TRUE,56db7f7861922d76cac4667eadc83147,csic5011-project2,"Mozilla/5.0 (Macintosh; Intel Mac OS X 10_12_5) AppleWebKit/537.36 (KHTML, like Gecko) Chrome/61.0.3163.100 Safari/537.36",http://math.stanford.edu/~yuany/course/2017.fall/,FALSE,NA
18513735,5072519,11742,709672,02.CaoLo <https://github.com/yuany-pku/2017_CSIC5011/blob/master/project2/02.CaoLo_poster.pdf>,709677,"07.Li, Yan Chak <https://github.com/yuany-pku/2017_CSIC5011/blob/master/project2/07.Li_poster.pdf>",26497093,25251419,709677,709672,2017-11-22 08:24:48 UTC,2017-11-22 08:24:48 UTC,5.433,"",FALSE,c015824c0974896938ab2f48ff82f996,csic5011-project2,Mozilla/5.0 (Windows NT 10.0; Win64; x64; rv:54.0) Gecko/20100101 Firefox/54.0,DIRECT_VISIT,FALSE,NA
18516066,5072945,11742,709681,11.SiaoLi <https://github.com/yuany-pku/2017_CSIC5011/blob/master/project2/11.SiaoLi_poster.pdf>,709673,03.ChenZeng <https://github.com/yuany-pku/2017_CSIC5011/blob/master/project2/03.ChenZeng_poster.pptx>,26497013,25254240,709681,709673,2017-11-23 03:52:59 UTC,2017-11-23 03:52:59 UTC,1.535,"",TRUE,b5ef63ad9299fdda0028ab5b313c28cd,csic5011-project2,"Mozilla/5.0 (Windows NT 10.0; WOW64) AppleWebKit/537.36 (KHTML, like Gecko) Chrome/55.0.2883.87 Safari/537.36",DIRECT_VISIT,FALSE,NA
